delta_power,delta_rel,theta_power,theta_rel,alpha_power,alpha_rel,beta_power,beta_rel,gamma_power,gamma_rel,spectral_entropy,variance,ptp,mean,label,sample_id
4.1334172412935133e-13,0.001480142583303652,1.5527712254014003e-11,0.05560345541419302,1.539518512672089e-10,0.5512888671449878,5.4340689933929376e-11,0.19458952358784512,6.810005630155519e-12,0.0243860678400239,2.2479015623184417,2.868449366921766e-10,7.683649891987443e-05,7.105427357601002e-15,Non-Harmful,epoch_00000
2.1001627104055842e-09,0.41612951830447337,4.2740239906274846e-10,0.08468617862937411,1.3364679588706574e-11,0.0026480984792211964,1.2101152545296312e-10,0.023977412581669064,9.593894428894245e-11,0.019009492205433635,1.5520006145324958,5.904089661612488e-09,0.00034251902252435684,5.968558980384842e-13,Harmful,epoch_00001
1.3123524619448879e-12,0.004226678399709101,1.9080107556846554e-11,0.06145108178875532,1.7385688722004744e-10,0.5599388663961642,5.559347193749911e-11,0.17904925225257765,6.680677658212758e-12,0.021516381286426738,2.2068003922418336,3.04938657658127e-10,8.4448438428808e-05,1.4210854715202004e-14,Non-Harmful,epoch_00002
3.3823036602390055e-13,0.001126941839878776,1.806181766650372e-11,0.060179747525112376,1.7545208341740448e-10,0.5845846900777749,4.8709817863229476e-11,0.1622951020283878,5.418795213972885e-12,0.018054756940213315,2.1322776840204924,3.0055047339772045e-10,7.995436317287385e-05,7.105427357601002e-14,Non-Harmful,epoch_00003
4.719085907635423e-13,0.0016663135971090911,1.6669050688367104e-11,0.05885857209758727,1.6193684587717527e-10,0.5718005000110351,4.956176799259665e-11,0.17500306101486246,4.774910095138932e-12,0.016860251693299227,2.1833038096094826,2.776391894165897e-10,8.844428521115333e-05,-5.684341886080802e-14,Non-Harmful,epoch_00004
6.095471891988391e-13,0.002031449638681844,1.984527288594745e-11,0.06613872256008317,1.6602889202355087e-10,0.5533276810861745,4.8998355720031306e-11,0.16329776231810672,5.817681839742628e-12,0.019388700137957415,2.293346481559987,3.013979898991437e-10,8.98922880878672e-05,5.684341886080802e-14,Non-Harmful,epoch_00005
8.143997629050936e-13,0.002665196101423571,1.9109529171730533e-11,0.06253764424839528,1.6735101499021354e-10,0.5476711721159626,5.873434610849035e-11,0.192213403537365,3.8729143590071624e-12,0.012674458811177408,2.2428401031153973,2.9933144851668203e-10,8.389499271288514e-05,-1.4210854715202004e-14,Non-Harmful,epoch_00006
4.053079486615596e-13,0.001398339896441514,1.8974258037159075e-11,0.06546247638703659,1.662113363609663e-10,0.5734403769822798,4.5549774997828696e-11,0.15714981130701655,5.42761007579079e-12,0.018725622668811063,2.228294214669752,2.805466969846293e-10,9.58500022534281e-05,0.0,Non-Harmful,epoch_00007
1.9920107785509344e-09,0.4110405244612195,4.306190959368905e-10,0.08885589422647286,1.9943518191067877e-11,0.0041152358537043954,1.0889493647081583e-10,0.022469874299925044,8.493367814610409e-11,0.01752559975352683,1.61396388785071,5.725917517906964e-09,0.0003262663958594203,6.252776074688882e-13,Harmful,epoch_00008
3.4746729937751297e-09,0.4393475974688033,8.952127268646581e-10,0.1131932591861441,1.9683279312010526e-11,0.002488810167613397,6.855526086049779e-11,0.008668323380895404,1.419399667246246e-10,0.017947295609395557,1.3521288402920046,9.129484723757741e-09,0.0005067632300779223,-4.547473508864641e-13,Harmful,epoch_00009
1.5180405821269005e-09,0.3920266944108587,4.1011357504450174e-10,0.1059098623914625,2.5755650216729986e-11,0.00665127305274038,9.865391750046859e-11,0.025476900699323488,8.093638086126287e-11,0.020901431898588577,1.8363050088986468,5.2099453640153115e-09,0.00034141133073717356,9.094947017729282e-13,Harmful,epoch_00010
7.313409860348896e-13,0.0024586379064696377,1.890021711185852e-11,0.06353915768301353,1.667984500519637e-10,0.5607466282746749,5.341326209454267e-11,0.17956585696890706,6.173719846978842e-12,0.020754944587478626,2.228138080805841,2.9632218900843554e-10,8.179609721992165e-05,1.4210854715202004e-14,Non-Harmful,epoch_00011
8.769953079718062e-13,0.0029279619028178775,1.713581636612546e-11,0.05721013218386728,1.7212751363127055e-10,0.5746698959024843,5.365823898487859e-11,0.17914494877214587,6.112244797752339e-12,0.02040651728217792,2.163993285430424,3.011108862249756e-10,8.461254765279591e-05,1.4210854715202004e-14,Non-Harmful,epoch_00012
8.123645527970125e-13,0.0026949820930363454,1.7631694769568856e-11,0.05849233759679305,1.6925767037934136e-10,0.5615045476945517,5.505864091471385e-11,0.18265451246141298,5.382074343487919e-12,0.017854784442711383,2.211468659988566,2.986041691688257e-10,8.650099334772676e-05,2.842170943040401e-14,Non-Harmful,epoch_00013
7.09868253588597e-13,0.002455356288620871,1.684453840517311e-11,0.05826340746043182,1.5567534761284918e-10,0.5384639217377581,5.7527745262776764e-11,0.1989821496975977,9.067892378818165e-12,0.03136484335552783,2.301203920389945,2.8741406477017506e-10,7.90729682194069e-05,5.684341886080802e-14,Non-Harmful,epoch_00014
3.337571552464169e-09,0.42884503928470624,8.653007407821711e-10,0.11118261416743046,3.2719500719924355e-11,0.004204133260080144,1.2500894590317113e-10,0.01606241708202619,1.2155678807274084e-10,0.015618848835732007,1.4164221195529594,9.145359136653042e-09,0.0004781978204846382,4.547473508864641e-13,Harmful,epoch_00015
2.5954565163743837e-09,0.414465858007973,6.753929984726348e-10,0.10785283314843246,7.343200006393324e-11,0.011726282725111734,1.0983594806238117e-10,0.01753959281020273,9.87627410409253e-11,0.015771323444064907,1.5699018508466163,7.969203963398286e-09,0.0005172441015020013,-9.094947017729282e-13,Harmful,epoch_00016
7.737284120692967e-13,0.002686115588833119,1.638815987211814e-11,0.05689398375207056,1.6236250538481656e-10,0.5636660744947504,4.9688674398987165e-11,0.1725017729859696,4.0730543937606e-12,0.014140226377347647,2.2285031296712683,2.966840106921609e-10,9.245627006748691e-05,-7.105427357601002e-15,Non-Harmful,epoch_00017
2.0837855885247336e-09,0.4180784759019478,4.247558927847339e-10,0.08522052233384321,2.5865322036966454e-11,0.005189465977439571,1.0911599748752998e-10,0.02189239150962955,7.293925619739072e-11,0.01463410306336556,1.528741846808279,5.882970555148859e-09,0.0003531643596943468,-2.8421709430404007e-13,Harmful,epoch_00018
6.741436293748737e-13,0.00230362367860116,1.8063048561230144e-11,0.06172344372957632,1.6359088389483745e-10,0.5590082251357792,5.479383114771752e-11,0.18723660859956856,6.467323204750741e-12,0.022099561907075443,2.1934508346233565,2.837598211957726e-10,7.943536911625415e-05,2.842170943040401e-14,Non-Harmful,epoch_00019
8.237595718399437e-13,0.0027813815134727247,1.9111783770148216e-11,0.06452994767520191,1.674209035296137e-10,0.565288006312412,5.462309988005232e-11,0.18443206659876146,5.718022626569064e-12,0.019306607134937294,2.1936411118074117,2.981012658942461e-10,7.755702245049179e-05,7.105427357601002e-14,Non-Harmful,epoch_00020
2.981224600517862e-09,0.4232209015074475,8.321574991587699e-10,0.11813482517519144,2.4111437672835745e-11,0.0034229102989307082,1.1878363657263913e-10,0.016862774359862973,1.0835828762045807e-10,0.015382769941106551,1.5422981807262568,8.203765666792151e-09,0.00047107486170716584,-7.958078640513122e-13,Harmful,epoch_00021
7.585836256027156e-13,0.0026870849351935335,1.6548047220704687e-11,0.05861714765896418,1.5696159649802865e-10,0.5559955779676521,5.2830238014139885e-11,0.18713735954647506,4.4725700465257645e-12,0.015842914595036835,2.2552140329636936,2.828464684689891e-10,7.832296250853688e-05,-7.105427357601002e-15,Non-Harmful,epoch_00022
2.1546446848930145e-09,0.41308176803746155,4.687454452367845e-10,0.08986641678580636,3.974711879073389e-11,0.007620193816451281,1.1552498801331579e-10,0.022148090882751076,1.0100698576154254e-10,0.019364744709443563,1.589559369594294,6.060164370325083e-09,0.00033162644831463695,-1.1368683772161603e-12,Harmful,epoch_00023
2.6787261298011344e-09,0.41309327281192354,5.799050111637838e-10,0.08942864905695559,2.2832360134505958e-11,0.0035210372083404324,1.3363293457913095e-10,0.020607879874921395,1.2707110103732377e-10,0.019595962582117214,1.5896633436839664,8.93347706920622e-09,0.00048547956976108253,0.0,Harmful,epoch_00024
5.289056952823001e-13,0.001792056777447299,1.778471705841944e-11,0.06025880043230029,1.6727460389054372e-10,0.5667656640317763,5.52076017280162e-11,0.18705632729195062,6.4421561618219214e-12,0.021827538848877278,2.157678693795232,2.931073161960285e-10,8.05682284408249e-05,5.684341886080802e-14,Non-Harmful,epoch_00025
1.2320964561107761e-12,0.003971361694321554,1.988183424318779e-11,0.06408423182669032,1.7291980347611258e-10,0.5573647098071857,5.703245563532314e-11,0.18383017702864957,5.488605772131783e-12,0.017691178811991143,2.2221065246839813,3.04686498253659e-10,8.646558126201853e-05,-3.552713678800501e-14,Non-Harmful,epoch_00026
2.2016440862256126e-13,0.0006842522990548974,2.0281520115694035e-11,0.06303324344891267,1.8070678980963706e-10,0.5616213681206389,6.020479882858087e-11,0.1871114058367951,4.252151853279679e-12,0.01321532712639825,2.1839386999551347,3.2582861408947394e-10,8.734858420211822e-05,9.947598300641403e-14,Non-Harmful,epoch_00027
2.1131496552584395e-09,0.4033612429289223,4.775303659443342e-10,0.09115172768965694,3.3640701335713175e-11,0.006421388598771241,9.402753662485219e-11,0.017948120213902522,9.79171292658787e-11,0.018690571614950954,1.7070132263873552,7.565743587178986e-09,0.0004135535564273596,1.8189894035458565e-12,Harmful,epoch_00028
1.0032635529635958e-12,0.0034469540909627962,1.903761003008153e-11,0.06540830430996933,1.6048586765071704e-10,0.5513879343132341,5.3994667813467637e-11,0.18551171380643477,5.7676026498157396e-12,0.019815991012634357,2.2271696966592596,2.8529595352821957e-10,8.570692443754524e-05,0.0,Non-Harmful,epoch_00029
2.9097428910773715e-09,0.41189842585341324,1.0497311908608253e-09,0.1485982237161536,1.1702118787870752e-10,0.01656532720693035,8.790096688721105e-11,0.012443116538873774,1.300930561193292e-10,0.018415759411021648,1.6209677125460333,8.008260721226179e-09,0.0004593221237882972,2.2737367544323206e-13,Harmful,epoch_00030
8.856169920676282e-13,0.002846529577466542,2.0179038886895817e-11,0.06485899836033202,1.7500357413213763e-10,0.5624924254970122,6.13047902915144e-11,0.19704443384466325,7.006514183942325e-12,0.02252017524298775,2.131189787690076,3.0920410676316123e-10,8.374159369850531e-05,-5.684341886080802e-14,Non-Harmful,epoch_00031
6.106717779022497e-13,0.0020626830161627305,1.9083720010065058e-11,0.06445961083249371,1.6522562484855285e-10,0.5580871796314419,5.2255688410282955e-11,0.1765054893351167,6.691573185314825e-12,0.022602312502753675,2.2121363022516847,2.901469065008655e-10,8.253781561506912e-05,-5.684341886080802e-14,Non-Harmful,epoch_00032
8.868041934464999e-13,0.0029533737390415537,1.8649326440772773e-11,0.06210889773415853,1.7325679779744974e-10,0.5770068302640368,5.16991781416426e-11,0.17217667234990341,5.895588542099289e-12,0.019634409157178578,2.1506969661985744,3.045674823454192e-10,8.470891771139577e-05,-5.684341886080802e-14,Non-Harmful,epoch_00033
5.122970190424292e-13,0.0017240703696346671,1.8553137758753335e-11,0.06243822213411623,1.7165479454517296e-10,0.5776823484825873,5.351698370483632e-11,0.18010459254709799,3.874725627156517e-12,0.013039895599492804,2.126132996832239,2.96530050514221e-10,7.769823423586786e-05,-7.105427357601002e-15,Non-Harmful,epoch_00034
2.1857731180574547e-09,0.41217264972781326,4.58958994073444e-10,0.08654619417763865,3.7257811419388887e-11,0.00702572958232577,1.3438067325566294e-10,0.025340250417764616,1.2965264972741863e-10,0.024448683964909797,1.601048346628134,6.114164285975221e-09,0.00037332778447307646,-2.842170943040401e-14,Harmful,epoch_00035
3.74798947433419e-09,0.4429894136832232,8.024019261532178e-10,0.0948389960108006,3.2371792746399564e-11,0.0038261477484938366,1.0878384391205254e-10,0.012857584463032177,9.310657279881784e-11,0.01100462698111756,1.29387759901768,1.0975780284638859e-08,0.0004975919728167355,-9.094947017729282e-13,Harmful,epoch_00036
7.884437460553562e-13,0.0025508489271743764,1.9491925109561825e-11,0.06306214806452176,1.7252510531307053e-10,0.5581697895382812,5.896601089350195e-11,0.1907725013737145,6.044899606913456e-12,0.0195570397435677,2.2008461638998806,3.032474826802911e-10,7.81747221481055e-05,4.263256414560601e-14,Non-Harmful,epoch_00037
2.554902511775481e-09,0.4130064017112347,5.916150468826542e-10,0.09563605679084343,3.892113367709449e-11,0.006291698918612734,1.0618769145237517e-10,0.01716550676616278,8.79134482226207e-11,0.014211429494904445,1.6161926230239925,7.822153591519054e-09,0.0004398612945806235,0.0,Harmful,epoch_00038
1.8249868283248816e-09,0.3815246970390007,5.928769974961057e-10,0.12394457501850352,1.034387089871025e-10,0.02162449695301814,1.131631628681351e-10,0.023657453719197183,7.646969602675968e-11,0.015986459275464018,1.906619869262003,5.713111317362518e-09,0.0003328964812681079,2.2737367544323206e-13,Harmful,epoch_00039
6.143563305652244e-13,0.0021469637134154534,1.8872688026076723e-11,0.0659535425138673,1.6249038226057166e-10,0.5678479037914234,5.0764241551690126e-11,0.17740353460712754,5.3907247047312035e-12,0.018838725596628948,2.1799479294201105,2.8878133218057656e-10,7.710220234002918e-05,-3.552713678800501e-14,Non-Harmful,epoch_00040
1.8110537514104408e-09,0.3880459411746798,5.895820776036231e-10,0.12632696960277645,3.597550903011726e-11,0.007708302555878277,1.511259303463297e-10,0.032381039950619396,1.0468220647957827e-10,0.022429762399914555,1.884467185923362,6.005420605248446e-09,0.00032578560058027506,-4.547473508864641e-13,Harmful,epoch_00041
8.136453208233696e-13,0.002578485462780568,1.9928959090614873e-11,0.0631559353791876,1.7413363806451088e-10,0.5518387961428537,6.425197044334849e-11,0.20361792479249802,3.699856068219154e-12,0.011725041418083145,2.1809573819446646,3.094129119585176e-10,9.035016410052776e-05,-2.842170943040401e-14,Non-Harmful,epoch_00042
1.5798446995063387e-09,0.38768024323147965,4.410119006093005e-10,0.10822051113607245,2.0105582129725796e-11,0.004933736191157385,1.2135619592568148e-10,0.029779762256895513,1.288031330898276e-10,0.031607176313497305,1.8700002484543814,5.549874337873462e-09,0.00034911028342321515,0.0,Harmful,epoch_00043
8.411914285792743e-13,0.0030147373832929637,1.6548212778376425e-11,0.059306971035019536,1.5646697132387644e-10,0.5607603830407605,5.065213591441686e-11,0.18153167340605852,5.8288332385574015e-12,0.02088989600730764,2.206243034078242,2.766571138845819e-10,7.60657640057616e-05,1.4210854715202004e-14,Non-Harmful,epoch_00044
7.56163686353728e-13,0.002598587711857519,1.7891163051932113e-11,0.061483720121203414,1.6109784339857214e-10,0.5536193866713216,5.56018589460347e-11,0.19107808272349536,6.99162646181084e-12,0.024027012851104416,2.226221359643805,2.902253715131309e-10,7.817353616701439e-05,-2.842170943040401e-14,Non-Harmful,epoch_00045
2.0007768775087698e-09,0.3801834840513242,6.954535003433904e-10,0.13214863572666416,1.633411253476602e-10,0.031037742799616762,1.2150884898948222e-10,0.023088860167860017,9.360393363189168e-11,0.017786425867431847,1.8045838094193507,6.216777759249226e-09,0.00039761688094586134,-6.821210263296962e-13,Harmful,epoch_00046
1.9254133842849797e-09,0.39004763216537897,6.401770641373261e-10,0.12968620145230594,3.014739673179445e-11,0.006107218744380701,1.1659240586880948e-10,0.023619131459648668,9.987613080325586e-11,0.0202327711272852,1.8639477289472626,6.03387206865591e-09,0.00034479593159630895,-4.547473508864641e-13,Harmful,epoch_00047
6.1349747981429e-13,0.0020511478295029005,1.7444644361853945e-11,0.05832386537284237,1.609860578177802e-10,0.5382356308507151,6.266050124516948e-11,0.2094971134412791,4.8574748281841884e-12,0.016240325801682123,2.2662449413524084,2.947286026344642e-10,8.492167398799211e-05,-2.842170943040401e-14,Non-Harmful,epoch_00048
2.1241561842799683e-09,0.41206212259221725,4.6044887000440404e-10,0.08932183994912653,3.83795478037241e-11,0.0074451954376852,1.139931525909188e-10,0.022113374131909627,1.1442923344984202e-10,0.022197968855065846,1.5934070186055405,6.048862299934399e-09,0.00034425000194460154,-6.536993168992922e-13,Harmful,epoch_00049
1.9269748019468125e-09,0.38120897511023194,6.691240617140437e-10,0.13237126792208395,1.6661152318908634e-10,0.03296037287685266,1.0501593865341885e-10,0.020775060630716935,6.169672758793432e-11,0.01220532114259623,1.8788980820419743,5.863958207896758e-09,0.00033306755358353257,0.0,Harmful,epoch_00050
1.4956189498677164e-12,0.0052707330319207175,1.7513973995034182e-11,0.061721256784016965,1.5594394525697552e-10,0.5495643816673194,5.251197865213317e-11,0.18505824660605835,8.876263873219825e-12,0.03128097380737401,2.253335261077754,2.8116903250108294e-10,7.626178557984531e-05,4.263256414560601e-14,Non-Harmful,epoch_00051
6.738544726554718e-13,0.002117775943532351,1.9627074705069747e-11,0.06168356572378313,1.7900975146645237e-10,0.5625881561925691,5.92329472146394e-11,0.1861560852766216,4.786207454671176e-12,0.015041994109372356,2.1837613457414955,3.1734315175668826e-10,7.724149327259511e-05,2.4868995751603507e-14,Non-Harmful,epoch_00052
6.900329916834091e-13,0.002267075774011537,1.9469273198832737e-11,0.0639655177921358,1.7292631909748835e-10,0.5681424996194575,5.252221715271871e-11,0.17255964213220198,6.57855817346939e-12,0.021613589556947886,2.1987889073735385,2.985465763494233e-10,8.98178041097708e-05,2.842170943040401e-14,Non-Harmful,epoch_00053
2.8536457641337165e-09,0.4061073694243703,1.0464535071808e-09,0.14892264708093872,5.672267863743308e-11,0.0080723045928389,1.3541417032830738e-10,0.01927102977741412,9.851141170164057e-11,0.01401933301156568,1.7060118895995051,7.756272069059378e-09,0.00043793924851343036,9.094947017729282e-13,Harmful,epoch_00054
4.0243288844561687e-13,0.0012680588030386161,1.902469788693864e-11,0.05994648132229576,1.7367954990854528e-10,0.5472611421496116,6.3920425701601e-11,0.20141211325436786,5.302420395120189e-12,0.01670783142355493,2.2346512140409427,3.1793911947630704e-10,9.666605910751969e-05,-6.394884621840902e-14,Non-Harmful,epoch_00055
6.099402666964737e-13,0.002091640398279292,1.5927585747706197e-11,0.0546197449422343,1.5399605202137678e-10,0.5280916528564277,6.437806803491833e-11,0.2207687788745665,5.285738589443784e-12,0.018126142791497612,2.2794845225409053,2.903296492107188e-10,8.057092054514214e-05,0.0,Non-Harmful,epoch_00056
8.308795275066561e-13,0.0026578704963594944,1.80128288587017e-11,0.05762058733494621,1.7659656376123323e-10,0.5649083664246258,5.736531968848421e-11,0.18350384823151294,6.917905105100625e-12,0.022129436659292803,2.196246969313131,3.1859054283600585e-10,8.732665446586907e-05,4.263256414560601e-14,Non-Harmful,epoch_00057
1.3263817127961985e-12,0.0042568035115717676,1.8924451740919002e-11,0.06073490899952744,1.749724393151908e-10,0.561545207476504,5.799934756642658e-11,0.18613934737471127,5.006171746677751e-12,0.01606648317388525,2.183732271101144,3.028512440828024e-10,8.263294876087457e-05,3.552713678800501e-14,Non-Harmful,epoch_00058
1.1294604574524358e-12,0.003626080002581988,1.85464325104176e-11,0.059542454630903976,1.7425324377873253e-10,0.5594318937701412,6.043154052257776e-11,0.19401263600533827,5.6719562586179245e-12,0.018209550435509893,2.1806892514474643,3.0541041917686584e-10,7.59903050493449e-05,-1.4210854715202004e-14,Non-Harmful,epoch_00059
7.452982458619473e-13,0.0024929071886402466,1.9103640436050895e-11,0.0638987181797972,1.7150309644664574e-10,0.5736512924586956,5.009267141169692e-11,0.16755222671427578,5.077120744222813e-12,0.016982182463383937,2.186623108493822,3.025650008314784e-10,8.702794730197638e-05,2.842170943040401e-14,Non-Harmful,epoch_00060
1.9205717016745893e-09,0.3837032014553445,6.650743289426941e-10,0.13287249260132789,9.93256067671755e-11,0.019843858612427514,1.2625269753263613e-10,0.02522351245382129,1.144206092720812e-10,0.02285962770975337,1.8801270460893447,5.757407883777432e-09,0.00031830568332225084,-2.2737367544323206e-13,Harmful,epoch_00061
2.706284361105732e-13,0.0009210666531275245,1.894096164634096e-11,0.06446435711391409,1.7020612003149083e-10,0.5792856935964168,5.1902931605396496e-11,0.1766483233925824,3.4268458296710103e-12,0.011663051616015219,2.1230729699486073,2.89791524110683e-10,7.451524288626388e-05,0.0,Non-Harmful,epoch_00062
8.152469584826738e-13,0.0027807582782888775,1.7484487599070397e-11,0.059638534221882096,1.6012482312310894e-10,0.5461761283818278,6.095465316302215e-11,0.2079126510312562,5.045594909762474e-12,0.017210220373379548,2.2255195488234234,3.028947648253677e-10,7.723935414105654e-05,1.4210854715202004e-14,Non-Harmful,epoch_00063
9.172664797857388e-13,0.0031261556361779296,1.740149869903021e-11,0.05930642232628327,1.618351563870135e-10,0.5515538803829129,5.527175386214195e-11,0.18837285419819907,3.785522026053534e-12,0.012901519109678187,2.252866984035171,2.944572363716702e-10,9.09268346731551e-05,-5.684341886080802e-14,Non-Harmful,epoch_00064
2.1704598118788e-09,0.41541017370058636,4.6200199742274517e-10,0.08842381183426279,2.868768157054946e-11,0.005490612965541757,1.0746655822180262e-10,0.02056831523606026,1.0983163250405381e-10,0.021020973199606843,1.5685074497794622,6.0639804289053245e-09,0.0003441033768467605,-5.684341886080801e-13,Harmful,epoch_00065
7.354470222924181e-13,0.0026253789659623655,1.5811752840204363e-11,0.05644436929294259,1.5143529485950324e-10,0.5405896356602153,5.819588815838758e-11,0.2077461136497475,5.378992986703607e-12,0.019201784244543156,2.247278375864894,2.8540955709921434e-10,8.511275518685579e-05,2.1316282072803006e-14,Non-Harmful,epoch_00066
6.309558995068465e-13,0.002179271168005737,1.678580831190185e-11,0.05797683818217761,1.6194574153916008e-10,0.5593476272960517,5.326299579340443e-11,0.1839661236940659,5.145251791901367e-12,0.01777128780471738,2.2036893806383513,2.9820040881034515e-10,8.554595115128905e-05,0.0,Non-Harmful,epoch_00067
2.1444019893124278e-09,0.4175871430153993,4.5018609239749763e-10,0.08766636343674283,2.7737685412421165e-11,0.005401459643742806,1.0715546245460006e-10,0.020866770152203475,9.242781800339328e-11,0.01799880276531536,1.5389752599044286,5.900215427345756e-09,0.0003486212226562202,-4.547473508864641e-13,Harmful,epoch_00068
2.7107295900129225e-13,0.000941554959122457,1.5660189887477943e-11,0.05439468954660254,1.5783690326953703e-10,0.548236605943626,5.7506555669727816e-11,0.19974542231128908,6.050881855030471e-12,0.02101735945428947,2.22883706490267,2.912796115417393e-10,7.779189763823524e-05,1.4210854715202004e-14,Non-Harmful,epoch_00069
6.74601108481554e-13,0.0024960258380410656,1.4702867666849945e-11,0.054400648217671134,1.435796412319057e-10,0.5312450421822903,5.723830141953455e-11,0.21178186260369505,4.781390561259258e-12,0.017691157385631706,2.2635279108554536,2.782686858715522e-10,8.628826617496088e-05,-4.263256414560601e-14,Non-Harmful,epoch_00070
1.9370001158591776e-09,0.3886252303665169,6.810985456184859e-10,0.13665052316007564,2.3157099501847078e-11,0.004646067418810596,1.0779703258495532e-10,0.02162759117986591,1.1651515516297728e-10,0.023376730153842944,1.8738021747493168,6.153249465512545e-09,0.0003739302046597004,-4.547473508864641e-13,Harmful,epoch_00071
2.372178453668994e-09,0.41435937158960834,4.957834628949165e-10,0.08660078832261532,5.025943376757436e-11,0.008779047529148315,1.1271307671922859e-10,0.01968811392206826,1.1032694289397904e-10,0.01927131690124131,1.563235120763826,8.326495937183154e-09,0.0005007089348509908,-2.2737367544323206e-13,Harmful,epoch_00072
5.692999782529184e-13,0.0020575584395258278,1.7656650772544802e-11,0.06381449534268192,1.526412538033206e-10,0.551674533602911,5.7313334850608855e-11,0.20714129689787222,5.879521804315335e-12,0.021249710470690894,2.157616697165365,2.7445440364815e-10,7.840836042305455e-05,0.0,Non-Harmful,epoch_00073
2.9482698504779137e-09,0.4208860413783198,6.483579714777754e-10,0.09255761305808691,3.10880488019194e-11,0.004438035342082027,1.1176342490371027e-10,0.015955006788466335,9.507391054985881e-11,0.013572462453937208,1.5236064946488699,8.992676825414492e-09,0.0004673778312280774,-9.094947017729282e-13,Harmful,epoch_00074
2.3566979479028305e-09,0.41059788647265677,6.419130539614404e-10,0.11183789738108735,3.222719313633604e-11,0.00561481262395162,1.2816518246000497e-10,0.022329697823299598,7.072824747753059e-11,0.012322694537088157,1.6595934690590364,7.156026438082108e-09,0.00038482225500047207,4.547473508864641e-13,Harmful,epoch_00075
2.1053427889938803e-09,0.3898097962391451,5.45948328212198e-10,0.10108377965338422,3.64486357762317e-11,0.006748561497635049,1.168928747199982e-10,0.02164302550378786,1.4172348277580182e-10,0.026240478382875767,1.8413128732780157,6.9742727148991435e-09,0.00039788539288565516,0.0,Harmful,epoch_00076
2.0683459389658765e-09,0.4205051039462264,4.3408944754713685e-10,0.08825256202259513,2.494229042054874e-11,0.005070892749785244,1.1116948594319664e-10,0.022601314103947723,9.3278358561516e-11,0.01896395816768192,1.5142432938665253,5.8204880915013746e-09,0.00033245334634557366,1.9895196601282805e-13,Harmful,epoch_00077
9.621073469162633e-13,0.003205405130963787,1.818199123161321e-11,0.06057603465117702,1.680741101850458e-10,0.5599641421470283,5.896552874879585e-11,0.1964525154154479,5.7778599070988645e-12,0.019249808092169744,2.1571217094157626,2.9811214607988745e-10,7.720213034190238e-05,0.0,Non-Harmful,epoch_00078
8.229275550927784e-13,0.0027632003528462092,1.8478249529454982e-11,0.062045687137081966,1.7004826713407084e-10,0.5709827418438749,5.2407386644335446e-11,0.1759718803571343,4.068417532119423e-12,0.013660804879732901,2.1672073434156127,2.960474088098408e-10,8.138544217217714e-05,5.684341886080802e-14,Non-Harmful,epoch_00079
2.0796060429262297e-09,0.4012170524799859,4.615884827141592e-10,0.08905396823750882,2.082329794705906e-11,0.0040174254415397195,1.099903987333839e-10,0.0212203766819272,1.0011326490033667e-10,0.019314787622439104,1.7216682479239158,8.102203352677861e-09,0.0004589892050717026,9.094947017729282e-13,Harmful,epoch_00080
3.922051128313342e-09,0.452549710820378,8.391461622792029e-10,0.09682570182066828,3.168994580637907e-11,0.0036565754349963536,9.882482158996009e-11,0.01140299883128878,5.683832788108689e-11,0.006558346131801037,1.1731051128058465,1.077674216531932e-08,0.0005677535082213581,1.8189894035458565e-12,Harmful,epoch_00081
2.1095654112457396e-09,0.40322304133384684,5.449303040055975e-10,0.10415816135625813,2.0185735027933305e-11,0.0038583081738697944,8.268027842234238e-11,0.015803536190944198,8.780572102740081e-11,0.016783215012172743,1.7268676329174382,6.9771957100783766e-09,0.00038742664037272334,9.094947017729282e-13,Harmful,epoch_00082
7.210437759017085e-13,0.00236129823038533,1.9082518334587184e-11,0.06249206813886813,1.7642645677717894e-10,0.5777672508997513,5.194612779204147e-11,0.17011491358804626,5.072982019269784e-12,0.016613170885357274,2.151835600505269,3.062331499492643e-10,8.426650310866535e-05,8.526512829121202e-14,Non-Harmful,epoch_00083
4.0033101278424965e-09,0.45025200945332994,8.348222356457935e-10,0.09389239832348763,2.2960302062391413e-11,0.002582343563479701,1.206275114518096e-10,0.013566967757205117,7.442695461670756e-11,0.008370794368540314,1.1955362493699448,1.1580457481841222e-08,0.0005592830711975694,1.8189894035458565e-12,Harmful,epoch_00084
2.239956220506656e-09,0.4095269027959495,6.043977887615348e-10,0.11050088935767055,2.7079021316933627e-11,0.004950805568941417,1.0302207524570672e-10,0.018835328569699678,1.1058006246789098e-10,0.020217140888233467,1.6662133475720324,6.8885039894439615e-09,0.00039063754957169294,0.0,Harmful,epoch_00085
5.730759291590337e-13,0.0017964416779083312,1.9598329090240313e-11,0.06143558541489646,1.8317348332574923e-10,0.5742004907044446,5.905580462584742e-11,0.18512434976629932,3.7616745926939005e-12,0.011791856319913354,2.1229004408424306,3.083298061312689e-10,8.177859126590192e-05,-4.263256414560601e-14,Non-Harmful,epoch_00086
2.1914456915794744e-09,0.37755929072442296,8.661689976374731e-10,0.1492303248271616,1.1260326698847578e-10,0.01940016573569737,1.2861905637762128e-10,0.02215949037029474,8.129808805323879e-11,0.01400666627540715,1.8951228695582252,6.74956890378553e-09,0.00040655082557350397,-6.821210263296962e-13,Harmful,epoch_00087
2.1451336262856557e-09,0.4183644365438965,4.417597806657958e-10,0.08615620932016939,2.9978988909384885e-11,0.0058467885867546235,7.248503620244096e-11,0.01413672367870472,1.2905237208732379e-10,0.025169025496305755,1.524684721859067,6.034644339791839e-09,0.00036027218447998166,5.115907697472721e-13,Harmful,epoch_00088
4.957407097674893e-13,0.0016881216515264852,1.9318072965943123e-11,0.06578289133218912,1.6970146815564746e-10,0.5778761296883268,5.077014549330523e-11,0.17288509934678556,3.850955822672433e-12,0.013113471972826975,2.1103585963122518,2.916666907992749e-10,7.885094964876771e-05,1.4210854715202004e-14,Non-Harmful,epoch_00089
3.023502559429403e-09,0.42996253896467423,7.157046170991332e-10,0.10177804326871732,2.6013773600508383e-11,0.003699334770015088,1.1869945217707345e-10,0.016879865926557058,1.008190362791761e-10,0.014337149700560166,1.4545683967555219,1.002612393108393e-08,0.0004856740706600249,-9.094947017729282e-13,Harmful,epoch_00090
6.339087241236108e-13,0.0020435557346640864,1.815398265742063e-11,0.05852368638379891,1.7706133087491693e-10,0.5707993664181451,5.7219876243869844e-11,0.18446189772287794,6.580588450457586e-12,0.021214094006970257,2.151291490572844,3.055728170497929e-10,8.70109215611592e-05,2.842170943040401e-14,Non-Harmful,epoch_00091
1.9382206950524505e-09,0.3961917809616179,4.5734229250915526e-10,0.09348535893812034,3.501214596024482e-11,0.007156834357762407,9.121459837446722e-11,0.018645180227373905,1.4244944460117814e-10,0.029118097488896554,1.785614118417493,6.935775509475661e-09,0.0003980693290941417,-9.094947017729282e-13,Harmful,epoch_00092
1.7695465093225948e-09,0.3984498696211752,4.047748785457328e-10,0.09114340693097424,3.386111530057079e-11,0.007624528039053863,1.320272103449982e-10,0.029728647690955772,1.0152301568866484e-10,0.02285999952619641,1.7556507912798518,6.342560698868738e-09,0.0003502637264318764,0.0,Harmful,epoch_00093
1.895346546376686e-09,0.3875415598535958,6.527109963627709e-10,0.13345983516713067,1.0597353203301019e-10,0.02166841097517455,8.321458799809278e-11,0.01701488906976166,8.330791612110033e-11,0.017033971873609693,1.8300086208136772,5.709377859375309e-09,0.000350085087120533,4.547473508864641e-13,Harmful,epoch_00094
1.9452996991020655e-09,0.39593057939421095,4.78585802932141e-10,0.0974074865339422,2.919677867530002e-11,0.005942476371477379,1.5016666903011622e-10,0.030563710209916155,1.0399697075724745e-10,0.021166702953877035,1.8002148229936252,6.523245943412803e-09,0.00036504428135231137,4.547473508864641e-13,Harmful,epoch_00095
2.3730504228325344e-09,0.4021717966033721,6.493447758659787e-10,0.11004745310608337,2.170147915536713e-11,0.0036778497316744723,1.458995103550964e-10,0.02472626272012519,9.570417115051244e-11,0.016219427149000952,1.7337399349017864,7.2216685964576754e-09,0.0004128673463128507,4.547473508864641e-13,Harmful,epoch_00096
4.225236425927509e-13,0.0013271955051103236,1.9321663084596874e-11,0.06069157275975118,1.7437187110891372e-10,0.5477221632695389,6.434537212947344e-11,0.2021162369538689,8.830510541540937e-12,0.02773765232791623,2.186628340737182,3.0841687537197515e-10,8.315555169247091e-05,7.105427357601002e-14,Non-Harmful,epoch_00097
2.0108033016441595e-09,0.41122977652224907,4.3205947500291053e-10,0.08836056774150326,1.9337748416448086e-11,0.003954766711014029,1.498740298533363e-10,0.03065076715991148,1.0583832681793082e-10,0.021645016918978893,1.6033437186058486,5.638000288854528e-09,0.0003352226922288537,1.9895196601282805e-13,Harmful,epoch_00098
8.083585884000044e-13,0.0026473594294747866,1.7556216571658345e-11,0.05749628463634565,1.6732063651270224e-10,0.5479719906166622,5.7758365581625504e-11,0.1891575792572694,6.3083994950551e-12,0.02065989169631245,2.2799356667978397,3.0263255790252686e-10,8.93668329808861e-05,7.105427357601002e-14,Non-Harmful,epoch_00099
6.267433403858713e-13,0.0021034871382220304,1.766060317735449e-11,0.059272830268825204,1.5785819873492812e-10,0.5298064922355319,6.375721641176807e-11,0.21398310288933065,4.1251402250683245e-12,0.013844868940212774,2.2667348873082362,2.9248337085618914e-10,8.800342038739473e-05,7.105427357601002e-15,Non-Harmful,epoch_00100
9.755729210580988e-13,0.0033380635001510625,1.7310899892361564e-11,0.059231741511222,1.6663156965357473e-10,0.5701539563338822,5.0675157212826116e-11,0.17339236156030802,4.177194831353481e-12,0.014292874780121465,2.180240968962916,2.886718086791973e-10,8.605459879618138e-05,5.684341886080802e-14,Non-Harmful,epoch_00101
7.584964557480478e-13,0.0025727059907052255,1.6339287236578903e-11,0.055420406830962526,1.6056638657557798e-10,0.5446170532747987,6.078486769912211e-11,0.20617313645787394,5.661501812064679e-12,0.019202963333457574,2.226905690270711,2.910913732279141e-10,8.122656436171383e-05,-1.4210854715202004e-14,Non-Harmful,epoch_00102
2.1245560866134383e-09,0.42020033673036894,4.667415204329117e-10,0.09231337562124746,2.3861360803900666e-11,0.00471936321560063,6.672873495081055e-11,0.013197786150525801,1.0925191567395798e-10,0.02160813359736353,1.520341394938404,5.859367213645328e-09,0.00036820967216044664,0.0,Harmful,epoch_00103
2.241747454334586e-09,0.41029918608679733,5.347684031709043e-10,0.09787678810193493,2.4188907821187655e-11,0.004427211090246465,1.2247774149043433e-10,0.022416672114473634,6.585098742337148e-11,0.012052475621452697,1.6352668639241805,6.98636615226178e-09,0.0003674502659123391,-4.547473508864641e-13,Harmful,epoch_00104
1.5423347043963531e-09,0.39310237304066353,3.300774185227562e-10,0.08412844250899197,1.9452336443015472e-11,0.004957911920893714,1.2757421247872047e-10,0.032515462124550136,8.331854997600807e-11,0.021235805445157782,1.7999906355308508,6.3196070598792176e-09,0.00037106755189597607,0.0,Harmful,epoch_00105
2.0001711398265343e-09,0.4190091598842262,4.3409860601972827e-10,0.09093786456243672,2.8335658472378178e-11,0.005935942287572062,1.3570746696528468e-10,0.028428903202788815,8.870098752722377e-11,0.01858167310018609,1.5309156951907426,5.5106395002724184e-09,0.0003325490397401154,6.821210263296962e-13,Harmful,epoch_00106
1.7174476285575224e-09,0.385916358662093,4.3635417848464364e-10,0.09805027696199273,4.170615068577188e-11,0.009371514763442211,1.0227380314170587e-10,0.022981273512322948,1.3176581874219107e-10,0.029608230329459858,1.8918778502299352,6.20651707805564e-09,0.00035039332578890026,-4.547473508864641e-13,Harmful,epoch_00107
6.493457030756766e-13,0.002198308152478711,1.719427497517273e-11,0.05820984827472982,1.6707037142627001e-10,0.565603434048154,5.4147455101497335e-11,0.18331189599282546,6.7378017770160226e-12,0.022810291199345415,2.1881542810252554,2.9865682149576855e-10,7.978898065630347e-05,0.0,Non-Harmful,epoch_00108
2.172932944688455e-09,0.42037428383348746,4.874697347168055e-10,0.09430559793526336,2.9163587343672415e-11,0.005641969842456128,1.2122366825628728e-10,0.02345185701724972,7.408927811536348e-11,0.014333266612583601,1.5162637748550927,5.979298389746646e-09,0.0003615572932176292,-7.389644451905042e-13,Harmful,epoch_00109
1.8233746734708234e-09,0.39070334313928823,5.825996490793628e-10,0.12483645512844484,6.314531883488961e-11,0.01353045401547989,1.190260893318973e-10,0.025504297991727026,8.820158752670393e-11,0.018899382347611175,1.8282072550153483,5.758158394542079e-09,0.00033380917739123106,4.547473508864641e-13,Harmful,epoch_00110
9.80686235343975e-13,0.0035624765217934806,1.8278560739645733e-11,0.0663993651999452,1.5065283048842915e-10,0.5472669567637153,5.0289714450049705e-11,0.18268424758012597,5.164794752900853e-12,0.01876182145111668,2.2706963533229216,2.7519081458038386e-10,8.486014849040657e-05,-3.552713678800501e-14,Non-Harmful,epoch_00111
7.52331140094209e-13,0.002636201100202677,1.6814593662740906e-11,0.05891906894566112,1.569296984027524e-10,0.5498885019328134,5.7490283855102936e-11,0.2014484599571517,7.164289018805892e-12,0.02510398092943624,2.2206042725781896,2.8837121579528e-10,7.886312960181385e-05,-2.842170943040401e-14,Non-Harmful,epoch_00112
7.936674863325e-13,0.0027641595624825818,1.7290162248988217e-11,0.060217620276048156,1.5919123658170165e-10,0.5544261122426665,5.732024588051693e-11,0.19963310643685067,4.3748107350291554e-12,0.015236449943492046,2.1936495959295046,2.89227197747266e-10,7.986427226569504e-05,-7.105427357601002e-15,Non-Harmful,epoch_00113
6.659498256664231e-13,0.0021960969547861597,1.694523568771672e-11,0.055880156518831756,1.6236088168364304e-10,0.5354160690484915,6.189577301217442e-11,0.20411315295434737,4.615256283700339e-12,0.015219690552586674,2.2736763037768766,2.976813517907573e-10,7.97245156718418e-05,3.552713678800501e-14,Non-Harmful,epoch_00114
5.91134725804604e-13,0.0018622650709673272,1.840660902776431e-11,0.057986755930639955,1.8721010158762041e-10,0.5897722091090781,5.170180565139751e-11,0.16287736545926473,5.399007521438015e-12,0.01700861527188865,2.0995220283588085,3.2344621425650644e-10,8.645918569527566e-05,0.0,Non-Harmful,epoch_00115
1.2769629104125713e-12,0.004242518065213408,1.858967884141305e-11,0.06176142444554582,1.7118540612814925e-10,0.5687378796028792,5.154024098784002e-11,0.17123473336098485,5.037254467710195e-12,0.016735523721227625,2.1943795224825093,3.05141495404726e-10,9.568715177010745e-05,2.1316282072803006e-14,Non-Harmful,epoch_00116
7.121081068567348e-13,0.002365462796214613,1.9128972928231236e-11,0.06354214108200129,1.6849402428853466e-10,0.5596992113996472,5.673543779964943e-11,0.1884623500979453,6.678220286883765e-12,0.022183544157751537,2.205353551215792,3.0045832488667656e-10,8.982123108580709e-05,-7.105427357601002e-15,Non-Harmful,epoch_00117
1.0264024873085642e-12,0.00350767556024135,1.6684670030124582e-11,0.057018966749410545,1.5834390743041382e-10,0.5411318279861176,6.150635523897302e-11,0.21019467678512124,7.992461564538395e-12,0.027313809585178456,2.232375099090024,2.910799934419117e-10,8.37494881125167e-05,7.105427357601002e-15,Non-Harmful,epoch_00118
2.1965194108020114e-09,0.42111747007936035,4.827660719103344e-10,0.0925560802436977,4.383002814856152e-11,0.008403108334330625,1.182412874209393e-10,0.022669261001181617,6.557116915412164e-11,0.012571327495916437,1.5135788214046326,6.0661129452910245e-09,0.00033374957274645567,-1.1368683772161603e-13,Harmful,epoch_00119
6.660982529438364e-13,0.00235788993774884,1.7843178106921598e-11,0.06316222858989881,1.5966557936897274e-10,0.5651926894194735,5.4359360003759793e-11,0.19242414675142408,5.622492380528976e-12,0.019902796847954814,2.1647024054469264,2.8715124722467067e-10,8.412161696469411e-05,-2.842170943040401e-14,Non-Harmful,epoch_00120
9.069879179299245e-13,0.002978064949104323,1.9305006269780545e-11,0.06338735211102837,1.6949025516410643e-10,0.5565156692175159,5.561455817897597e-11,0.1826085696386618,4.563398433004434e-12,0.014983768420141284,2.2197629323070642,3.0300265074778565e-10,8.188645733753219e-05,-2.842170943040401e-14,Non-Harmful,epoch_00121
3.7127672047887472e-09,0.4434231414302893,8.56841812779674e-10,0.1023343149124819,3.3466637447410186e-11,0.003996986800276253,9.815969911897149e-11,0.011723407298213017,1.0620957412166288e-10,0.012684819814788419,1.2996546490981729,1.0051571130986758e-08,0.0005001219687983394,0.0,Harmful,epoch_00122
5.270440117319253e-13,0.001753039225349062,1.769688584042639e-11,0.05886289257484538,1.7134623581105402e-10,0.5699271138772959,4.485083750791277e-11,0.14918161612871125,5.130193036877173e-12,0.017063906290681306,2.2543264788306687,3.077932353434676e-10,8.362310472875834e-05,-2.6645352591003757e-14,Non-Harmful,epoch_00123
2.2281878564456292e-09,0.4242338467259392,4.461085389984021e-10,0.08493643882364406,2.6336210122435144e-11,0.005014259321135434,9.955381657933415e-11,0.018954460433632688,9.225044773214508e-11,0.017563942012513642,1.4537321048677474,6.214301961904312e-09,0.0003370980266481638,3.410605131648481e-13,Harmful,epoch_00124
8.296259729548283e-13,0.002769625817760023,1.8439766749124564e-11,0.06155937220715357,1.6520097095851227e-10,0.5515074132215384,5.442430260258445e-11,0.18169025381984893,8.06808856919708e-12,0.026934530896659176,2.258421874900738,2.994849923609877e-10,8.105933375190943e-05,3.552713678800501e-15,Non-Harmful,epoch_00125
1.216417700074246e-12,0.004082843369697571,1.859789156444941e-11,0.06242286531972695,1.6794225732308377e-10,0.5636895383565566,5.735006133184006e-11,0.19249252756364896,5.411000098508312e-12,0.018161743185978903,2.1568948387484133,3.0069347012329217e-10,8.377022459171712e-05,-5.684341886080802e-14,Non-Harmful,epoch_00126
2.0662511701630137e-09,0.4101779774914536,4.500571443299961e-10,0.08934225029491115,2.874576271461038e-11,0.0057064111962718935,1.2978396048829444e-10,0.025763819613333593,9.486902409483466e-11,0.018832746469412655,1.6220248252499385,5.802901270612892e-09,0.00033826171420514584,-7.389644451905042e-13,Harmful,epoch_00127
4.0873348542552757e-13,0.0012909413631777738,2.090151012337782e-11,0.0660152028969589,1.7521807615938911e-10,0.5534077098065467,5.5842143897259083e-11,0.1763714888454664,8.29473019133345e-12,0.026198025564858864,2.255537949271097,3.1530567046189617e-10,8.472496119793504e-05,3.197442310920451e-14,Non-Harmful,epoch_00128
2.113746733201083e-09,0.4188533710670915,4.653318164821174e-10,0.09220868183348552,1.928399627482147e-11,0.0038212557448271253,8.122200698471027e-11,0.016094696160149847,1.1843350865986535e-10,0.02346840970600288,1.530204209083836,5.857655693830566e-09,0.00034575856989249587,-4.121147867408581e-13,Harmful,epoch_00129
5.132832635486306e-13,0.001779575638871012,1.7159793117699218e-11,0.05949375709077793,1.5824098975603107e-10,0.5486284678245507,5.712413262684221e-11,0.1980518790181316,4.702382038444808e-12,0.016303365245978155,2.238866113299827,2.9576069371373137e-10,7.967496640048921e-05,2.1316282072803006e-14,Non-Harmful,epoch_00130
6.772199446190841e-13,0.00224399357152796,1.93126934800239e-11,0.06399333091472913,1.695122028855245e-10,0.5616850132560922,5.829093972916852e-11,0.19314920517314582,4.835832634938336e-12,0.01602371198900592,2.1738381532128637,3.0092001113146694e-10,7.917732000350952e-05,-8.526512829121202e-14,Non-Harmful,epoch_00131
2.3639894486393587e-09,0.409074913754411,4.861075934142756e-10,0.08411815118961877,2.1738373254254206e-11,0.003761701715404678,1.2559513064974714e-10,0.02173352223212791,8.820500059514291e-11,0.015263373122047492,1.6233278943773881,8.691126041071584e-09,0.000420985568780452,0.0,Harmful,epoch_00132
2.041661284479801e-09,0.41760289627321817,4.1681718233183007e-10,0.08525609212527357,2.307182396521501e-11,0.004719127792362737,1.0657255807011712e-10,0.02179842917708368,9.758922142610871e-11,0.01996097091245724,1.533395460452255,5.819109638594e-09,0.0003609023697208613,2.2737367544323206e-13,Harmful,epoch_00133
7.061808277898651e-13,0.0024038191601426766,1.711946654315427e-11,0.05827417011114494,1.66605049201074e-10,0.5671187799015501,5.314962635586881e-11,0.18091979442222864,6.332936670731815e-12,0.021557133683053224,2.1790803066113544,3.0321203881022996e-10,8.496690134052187e-05,5.3290705182007514e-14,Non-Harmful,epoch_00134
2.044128200040518e-09,0.41450160263350017,4.5321872643722116e-10,0.09190220478736039,3.267473791535025e-11,0.006625676036989173,1.3560571415771605e-10,0.027497681331102166,8.678191845690186e-11,0.017597352396626856,1.5698353123366144,5.740746100713068e-09,0.0003381033893674612,-5.400124791776761e-13,Harmful,epoch_00135
2.0282961976647584e-09,0.414161595449662,4.309373934086036e-10,0.08799391262406002,4.348702647982705e-11,0.008879697299133682,1.0808390033673065e-10,0.022069853829741963,9.863696318057613e-11,0.020140866057043724,1.5693194511504451,5.77563108450363e-09,0.000334329204633832,-5.684341886080802e-14,Harmful,epoch_00136
8.295745817718525e-13,0.002607999269550542,1.938954032054685e-11,0.06095643249447345,1.7999374907207155e-10,0.5658605945965759,5.711362611147963e-11,0.17955262667520608,5.912149459233462e-12,0.018586492173159382,2.1864571697579036,3.106906398819831e-10,8.726558007765561e-05,0.0,Non-Harmful,epoch_00137
7.285540443505156e-13,0.0025221540834616083,1.7516868923254936e-11,0.060640995444112264,1.5907900691169985e-10,0.5507096830860894,5.499235398651048e-11,0.19037597998634387,4.3685435585812116e-12,0.015123298073072744,2.2449847837455974,2.824714351312707e-10,9.213553857989609e-05,-2.842170943040401e-14,Non-Harmful,epoch_00138
4.960737766748768e-13,0.0016568929116442354,1.8463846662535033e-11,0.06166948969143061,1.6842832684105247e-10,0.5625528177151304,5.850606582319048e-11,0.1954110261590546,5.3874496552287765e-12,0.017994152413017096,2.1566137199126207,2.9441021842657733e-10,7.482440560124815e-05,-2.842170943040401e-14,Non-Harmful,epoch_00139
8.707580012937144e-13,0.0027091618595034062,2.0812162757066766e-11,0.06475222446586956,1.8142262692144584e-10,0.5644544874422676,6.197832009982931e-11,0.19283118924096296,4.064828768718387e-12,0.012646773327678567,2.1510343454280845,3.1319249971240026e-10,8.366651309188455e-05,2.842170943040401e-14,Non-Harmful,epoch_00140
1.931033555280237e-09,0.38849572171587377,5.464069474658828e-10,0.10992908995593266,1.3777484014765307e-10,0.02771828371966531,1.2234776646663503e-10,0.024614582022052245,8.360586094963152e-11,0.016820276996476334,1.7993450534232165,6.029943655505576e-09,0.0003466182970441878,4.547473508864641e-13,Harmful,epoch_00141
1.0045128791269509e-12,0.003187571679245379,1.9780060618937445e-11,0.06276710070405526,1.7896775034165202e-10,0.5679096249946745,5.836096493225251e-11,0.18519400085060558,6.406270425165367e-12,0.020328705187525654,2.1674633011419253,3.1718452864204494e-10,8.845703996485099e-05,2.842170943040401e-14,Non-Harmful,epoch_00142
2.242404706365164e-09,0.4002322901829469,4.775982647559074e-10,0.08524342048875917,3.3199982693576935e-11,0.005925649848025544,1.0122770503773193e-10,0.01806747733904269,1.1225244431894987e-10,0.020035211637256925,1.7195266462778194,8.35147417888038e-09,0.0004461848293431103,0.0,Harmful,epoch_00143
1.930643200864779e-09,0.40965166085131643,4.256478511668882e-10,0.09031567774418733,2.3791053328781064e-11,0.005048081647179515,7.084675034130239e-11,0.01503254921998703,9.467506292826222e-11,0.020088536686837515,1.6358032036326968,5.505668365657357e-09,0.000318276637699455,-2.2737367544323206e-13,Harmful,epoch_00144
2.2145780764759593e-09,0.41213418046450934,4.881245962984337e-10,0.09084025196354747,2.7751649936402778e-11,0.005164597096200628,1.1790764285063426e-10,0.021942676247420953,9.894947188004988e-11,0.018414550353344956,1.6088610264615486,6.190271850670115e-09,0.00035835866583511233,1.1368683772161603e-13,Harmful,epoch_00145
7.158816183079619e-13,0.0022935861351025717,1.9648404105988837e-11,0.06295078136089534,1.770262686440205e-10,0.5671677899350706,5.6607317357876274e-11,0.18136205053601973,5.862681108810552e-12,0.018783223038297287,2.162510638922478,3.12786407885568e-10,7.886276580393314e-05,-1.4210854715202004e-14,Non-Harmful,epoch_00146
3.4255962511053895e-09,0.4322005708507573,9.660974520375731e-10,0.12189056726500232,4.6356170638195415e-11,0.005848664566297946,1.0285725656616895e-10,0.012977292636193207,9.343332704747631e-11,0.011788294453374096,1.4362354511983475,9.063345629556352e-09,0.000463414064142853,9.094947017729282e-13,Harmful,epoch_00147
7.098154529427969e-13,0.0023737202906182406,1.7956603651919645e-11,0.06004934699919286,1.699560214785123e-10,0.5683562608051672,5.2023700614339113e-11,0.17397439465333428,4.730328433642794e-12,0.015818867478405246,2.174514506186157,3.005412863021917e-10,9.140255860984325e-05,2.842170943040401e-14,Non-Harmful,epoch_00148
3.871013287692904e-09,0.44708845084570836,8.18915626282779e-10,0.09458188115554629,3.753555626040406e-11,0.004335225030988659,1.1435004245580194e-10,0.013207028634658951,8.785921209314429e-11,0.010147430687498236,1.242349498823304,1.1471241734284376e-08,0.0004898274783045053,0.0,Harmful,epoch_00149
2.107647834037607e-09,0.413440815056017,4.57648554469392e-10,0.08977334273466547,3.9439392723883415e-11,0.007736517652401013,7.898878079393157e-11,0.015494612232805028,1.0119727885532503e-10,0.01985107985106115,1.585286149375824,5.9353837400522025e-09,0.0003220236976630986,-7.105427357601002e-13,Harmful,epoch_00150
2.1380490711209177e-09,0.4173660004192705,4.3119317578305116e-10,0.08417270380529894,1.9368876294501014e-11,0.003780975161348073,1.1305126886712591e-10,0.022068602899118144,1.0792363617367906e-10,0.021067643857630377,1.5322224773625293,6.100583149759586e-09,0.0003248630673624575,5.684341886080802e-14,Harmful,epoch_00151
1.9443289200893332e-09,0.3712210548391571,6.66099869706116e-10,0.12717513673003872,2.0468855777000527e-10,0.03908016876352173,1.1033268309396105e-10,0.021065270684495516,1.0370080228555567e-10,0.01979907865092195,1.9132317670062773,6.0405938029362005e-09,0.0003564023063518107,0.0,Harmful,epoch_00152
2.724161340950104e-09,0.4116055436439939,8.86492976248654e-10,0.13394413096624758,3.376410609434721e-11,0.0051015676038373885,9.51494031134481e-11,0.014376542683868026,1.248538685633127e-10,0.018864721290015308,1.6366935264381173,7.490569942092407e-09,0.00043331951019354165,0.0,Harmful,epoch_00153
4.10342956445528e-13,0.0013850775586839244,1.8297521484078594e-11,0.061761719042686965,1.726461612561181e-10,0.5827523533488965,5.05633818777447e-11,0.17067237156129053,5.002805298932184e-12,0.016886541467748657,2.120053059584656,2.982072366819466e-10,7.991572056198493e-05,0.0,Non-Harmful,epoch_00154
7.215763360088334e-13,0.0024733531691452926,1.8341646560934843e-11,0.06286981346943132,1.642866190310066e-10,0.563126601512513,5.191288330740236e-11,0.1779422190561714,4.292630053498447e-12,0.014713883503323116,2.2130641707500094,2.9132513068574895e-10,8.684569911565632e-05,7.105427357601002e-15,Non-Harmful,epoch_00155
1.2655114586465621e-12,0.004480444788609858,1.8184778769608778e-11,0.06438179339557588,1.6205330133356455e-10,0.5737370961567663,4.991501791973621e-11,0.17672023464017436,4.993994177611774e-12,0.017680847561316097,2.169347655706513,2.916491770310614e-10,8.938716200646013e-05,-2.842170943040401e-14,Non-Harmful,epoch_00156
2.4069282122951563e-09,0.41443022713009686,4.848798723644521e-10,0.08348768966532448,2.6981945323856227e-11,0.004645811068172544,1.068990408345516e-10,0.01840611346310483,8.426474448763877e-11,0.014508890218944893,1.5561316640226042,6.7489365207507035e-09,0.00034667528234422207,3.126388037344441e-13,Harmful,epoch_00157
5.401369455870775e-13,0.0017565162213819183,1.7602270389969338e-11,0.057242285916076545,1.7030792054395505e-10,0.5538384802397359,6.272238360204713e-11,0.20397213177296653,5.650959978816331e-12,0.018376826377581496,2.1985764498724683,3.1254998589247407e-10,8.065494330367073e-05,-8.526512829121202e-14,Non-Harmful,epoch_00158
6.655158195367772e-13,0.002086183374316037,1.8963499715841936e-11,0.05944462425186593,1.7188631074027683e-10,0.538809676963764,6.587628489582165e-11,0.20650149294276127,4.289446348029052e-12,0.013446069039361642,2.251968064676669,3.110614821277835e-10,8.607115887571126e-05,-4.973799150320701e-14,Non-Harmful,epoch_00159
1.960883455609519e-09,0.3946062916781575,6.42096063818709e-10,0.12921479138385786,5.609020366226236e-11,0.011287538381396558,1.1147047521142817e-10,0.022432210710406953,1.144760345545004e-10,0.023037046568140124,1.7958566729932601,5.954861936885436e-09,0.00034216803032904863,2.2737367544323206e-13,Harmful,epoch_00160
2.8000255447580003e-09,0.41624642925414235,5.902743120678178e-10,0.0877490475537464,2.767766744959932e-11,0.004114508979229698,1.0804904540528959e-10,0.016062363937525283,1.142407366622189e-10,0.016982808889024346,1.5595201137778751,8.973138676537928e-09,0.0004852302954532206,9.094947017729282e-13,Harmful,epoch_00161
1.962680684641782e-09,0.40574479378463313,4.172622507930823e-10,0.0862605859562179,2.516858770007513e-11,0.005203099773757278,1.1119033471729267e-10,0.022986367463511456,1.492612457243414e-10,0.030856763323940186,1.6649585224749068,5.5845639224116894e-09,0.00034863303881138563,-5.684341886080802e-14,Harmful,epoch_00162
8.83143601651537e-13,0.003054917261559846,1.732477757174916e-11,0.059928829193402644,1.6128118979219508e-10,0.5578941972060981,5.322570802070853e-11,0.18411516981738169,5.413536372650407e-12,0.018726179615596857,2.2194293664133804,2.9318608651962563e-10,8.612980309408158e-05,-2.842170943040401e-14,Non-Harmful,epoch_00163
2.1743076228375458e-09,0.4160719104376396,4.601329092052131e-10,0.08805027245335013,3.840262829957197e-11,0.007348663434099221,8.459243461961252e-11,0.01618746837433271,1.3388869700425854e-10,0.025620719609062568,1.5538695488056693,6.05789196583828e-09,0.0003855220274999738,1.1368683772161603e-13,Harmful,epoch_00164
2.662531972674742e-09,0.43031219035808305,5.884343151629778e-10,0.09510137780064587,3.439892121148702e-11,0.005559473194832642,1.277674173058574e-10,0.020649471165616363,8.085966705234648e-11,0.013068350276359712,1.3951469760273074,9.301714065657052e-09,0.0005349594866856933,2.2737367544323206e-12,Harmful,epoch_00165
2.1544641626292105e-09,0.40369130426668254,4.785211896868313e-10,0.08966259292434908,1.8371248099169346e-11,0.0034423005194525735,1.2209763061710177e-10,0.02287796316441786,9.855495673033454e-11,0.018466670142177,1.6919292688674208,6.076838143798113e-09,0.0003605261736083776,0.0,Harmful,epoch_00166
4.673442622477042e-13,0.0015655869116147853,1.83053762035576e-11,0.06132236920731621,1.6398352814528394e-10,0.549339076401451,5.87091795534525e-11,0.19667369544340466,7.890421606024378e-12,0.026432636048855148,2.2212009766101084,2.951699440423283e-10,8.224380144383758e-05,2.1316282072803006e-14,Non-Harmful,epoch_00167
3.301867243163392e-13,0.001062592875536334,1.7757598126319496e-11,0.05714674717686921,1.7056154405503676e-10,0.5488939082230392,6.258715258295605e-11,0.20141531302463575,4.7462628445515964e-12,0.015274221259154884,2.2166998894532144,3.060597886239691e-10,8.809786231722683e-05,-2.842170943040401e-14,Non-Harmful,epoch_00168
4.0524056549653964e-13,0.0013607121785890082,1.758513744776896e-11,0.05904717524520674,1.6152846421535472e-10,0.5423784466821567,5.964821979441773e-11,0.20028611648482958,4.123817932098761e-12,0.013846909120795902,2.2421385116159476,2.9003635604318845e-10,8.054276258917525e-05,-6.394884621840902e-14,Non-Harmful,epoch_00169
6.024625243128412e-13,0.0018918962120283702,1.9549721975813117e-11,0.06139144504371337,1.8309556648610226e-10,0.5749698855863957,5.5696365108912765e-11,0.1749017373213154,4.173159214027056e-12,0.01310485514134542,2.1468612701216205,3.170913809302789e-10,8.13506921986118e-05,-4.263256414560601e-14,Non-Harmful,epoch_00170
7.169442990673236e-13,0.0024384923420835494,1.784641585986929e-11,0.060699762121747686,1.5969708888619039e-10,0.5431665037417966,5.485407028778255e-11,0.18657130059180493,6.490833207289243e-12,0.02207681557731465,2.2792919960922178,2.867110437954068e-10,7.573141192551702e-05,7.105427357601002e-15,Non-Harmful,epoch_00171
3.0712750593610283e-13,0.001000241052854421,1.8391067260672272e-11,0.05989532075241235,1.7539791147269668e-10,0.5712291743625743,5.868340812202263e-11,0.19111786730449826,4.1930405816296284e-12,0.013655733351681944,2.1248653274279543,3.059165143426412e-10,8.531815547030419e-05,-4.263256414560601e-14,Non-Harmful,epoch_00172
2.1863566512791976e-09,0.42422437826592724,4.553372037058301e-10,0.08835024332852291,1.9358548618286786e-11,0.0037561887475762606,8.837495969402087e-11,0.01714761967519672,8.676010257446798e-11,0.016834284814148403,1.4678840601896943,5.930515634133826e-09,0.000333466159645468,-2.2737367544323206e-13,Harmful,epoch_00173
9.707068048675493e-13,0.003076558207081407,1.965172230673773e-11,0.06228416988827878,1.7794749007649102e-10,0.5639867859987509,6.050502969739274e-11,0.19176464484620284,3.907582102943147e-12,0.012384690957528132,2.1755007025891295,3.1555585922049545e-10,8.528548642061651e-05,4.263256414560601e-14,Non-Harmful,epoch_00174
5.038710334387408e-13,0.0017654669213847916,1.680507528923833e-11,0.05888174267937607,1.5617111076560164e-10,0.5471934519651458,5.612328483894924e-11,0.1966451657806358,7.47015632945186e-12,0.026173987036355182,2.238700303372188,2.845883251278991e-10,7.831523544155061e-05,1.4210854715202004e-14,Non-Harmful,epoch_00175
9.692956073198422e-13,0.0033868134522580333,1.7300211827345202e-11,0.0604486285724312,1.5599284364231636e-10,0.5450542201100161,6.23050656206603e-11,0.21769998006216298,4.628478915240375e-12,0.01617235705521584,2.1913261015207532,2.946772270639997e-10,8.894839265849441e-05,0.0,Non-Harmful,epoch_00176
5.544069435307886e-13,0.0018022948779194024,1.6046378635559133e-11,0.05216440082774232,1.610572855637038e-10,0.5235733863187912,7.084254927472444e-11,0.23029863746556445,4.426837097847719e-12,0.014390991887697125,2.2788406125076115,3.052658126279084e-10,9.069895895663649e-05,-7.105427357601002e-14,Non-Harmful,epoch_00177
5.593910751278131e-13,0.0019457397077755287,1.7052145719759215e-11,0.059312775095900626,1.5819580367892883e-10,0.5502552159081624,5.6813445793594056e-11,0.197615196829679,5.059556940079091e-12,0.017598744920651065,2.2056091117862224,2.903067786164115e-10,8.030385652091354e-05,-7.105427357601002e-14,Non-Harmful,epoch_00178
4.286829138194781e-13,0.0014519621382724807,1.8604327822226152e-11,0.06301342725606505,1.6942456465551814e-10,0.573846181508186,5.178059996296773e-11,0.17538247553044053,6.2036712030442975e-12,0.021012024073590072,2.1390605901042608,2.954664846122057e-10,8.242798503488302e-05,0.0,Non-Harmful,epoch_00179
4.911770317729547e-13,0.0015598799359630826,1.8097342472257055e-11,0.0574735372190111,1.7614102537644172e-10,0.5593886391489131,6.078750117198897e-11,0.19304893613052498,3.675217384114041e-12,0.011671754758337793,2.1753804302849082,3.172265783391026e-10,7.956197077874094e-05,0.0,Non-Harmful,epoch_00180
1.8792947198420507e-09,0.3808928854953016,5.791945811850496e-10,0.11739036616319445,1.2508874491778954e-10,0.02535281586845892,1.5833060296871482e-10,0.0320902302285154,7.531003425043092e-11,0.015263734820053942,1.8876267543811789,5.926133361811026e-09,0.0003325818688608706,9.094947017729282e-13,Harmful,epoch_00181
1.0484217660700068e-12,0.0036596630869436806,1.9128611888907798e-11,0.0667711002383305,1.6183004242220633e-10,0.5648904398762093,4.725193793100185e-11,0.16493951063306572,6.325766245453973e-12,0.022080973492090213,2.240217155897876,2.883989158597444e-10,7.562639802927151e-05,-2.842170943040401e-14,Non-Harmful,epoch_00182
1.943222027733782e-09,0.39766396686568456,5.389167168079467e-10,0.11028475200335605,3.806694542918265e-11,0.007790078699078113,8.535462527742288e-11,0.017467102777616348,8.536665558472878e-11,0.01746956467834493,1.7914557464334184,6.300566290917686e-09,0.00034592425799928606,4.547473508864641e-13,Harmful,epoch_00183
2.10263362276919e-09,0.4171077350242083,4.279635985871e-10,0.08489682907494807,2.173490120521704e-11,0.0043116381829485205,1.0708210273352448e-10,0.021242299585215427,8.6297196819074e-11,0.017119115719616516,1.5409270436781786,5.885356646473383e-09,0.000334953423589468,3.410605131648481e-13,Harmful,epoch_00184
2.153805578331003e-09,0.4138514036403034,4.905333569893422e-10,0.09425545200776263,3.653529215275064e-11,0.007020216723340988,1.4133114036724015e-10,0.027156625188236073,8.349021474174378e-11,0.016042554123142344,1.5902961741381818,5.967368821302443e-09,0.00032564729917794466,-3.979039320256561e-13,Harmful,epoch_00185
2.1255330828751084e-09,0.39510590828731246,5.590455598447619e-10,0.10391849718832737,2.88763752492871e-11,0.005367701195919344,1.1918268195271198e-10,0.022154339626343535,1.6585517681466655e-10,0.030830082489646225,1.8062482379207079,6.746387448686164e-09,0.000403828511480242,4.547473508864641e-13,Harmful,epoch_00186
1.7566863519391518e-09,0.3910131757520616,4.819835711100673e-10,0.10728262708481211,2.7701143462399713e-11,0.006165877058952385,1.4437396677474679e-10,0.03213557342333799,1.3053626755910042e-10,0.02905550013111996,1.8507700465626475,5.84795856184428e-09,0.0003225639811716974,-9.094947017729282e-13,Harmful,epoch_00187
2.1435413444237383e-09,0.41457296057189486,4.686491420630157e-10,0.09063938178751339,2.651816093102166e-11,0.005128761577048618,9.838828970293312e-11,0.019028848990414904,1.204163904006128e-10,0.023289207646789677,1.5760563317259495,6.011888320500702e-09,0.0003314478090032935,-2.2737367544323206e-13,Harmful,epoch_00188
8.592797155239362e-13,0.0029612562486269474,1.7788567819275458e-11,0.06130309683481213,1.6013836090511546e-10,0.5518700294071364,5.770463414826038e-11,0.1988621462361379,5.333245834977102e-12,0.01837947209618455,2.2076742352615235,2.853445257855469e-10,7.812721014488488e-05,2.842170943040401e-14,Non-Harmful,epoch_00189
3.597848473139986e-13,0.0012690148968604066,1.6163776751527276e-11,0.0570120549554782,1.5414928361545677e-10,0.5437075482994175,5.654732145856864e-11,0.19945084915110514,7.857125757307348e-12,0.02771325615007545,2.2453573086958807,2.8983887512268325e-10,7.769578951410949e-05,0.0,Non-Harmful,epoch_00190
7.26466955168481e-13,0.0024135276715794704,2.3000210676998867e-11,0.07641317272059564,1.748028319314976e-10,0.5807442016950111,4.913048846878418e-11,0.1632253092780061,5.762378909538596e-12,0.01914424441931002,2.127711051894832,2.9955327107700214e-10,7.816367724444717e-05,-1.4210854715202004e-14,Non-Harmful,epoch_00191
2.9032087844882426e-09,0.4206926109361298,8.987796062953635e-10,0.13023863156131701,5.4731883955549954e-11,0.00793098287857803,1.260769613709023e-10,0.018269318535204117,9.342849497523398e-11,0.013538357178087906,1.5779076087934736,8.193325129468576e-09,0.0004603570559993386,0.0,Harmful,epoch_00192
8.828060895152423e-13,0.00287053484560173,1.9158084840764644e-11,0.06229448433076273,1.7528815898781858e-10,0.569967487052797,5.1083288098684176e-11,0.16610256800075376,6.472927716830862e-12,0.021047390570705194,2.202670102092832,3.020693140065589e-10,8.591730147600174e-05,-1.4210854715202004e-14,Non-Harmful,epoch_00193
2.00231653479932e-09,0.3915747763143953,6.837601318476771e-10,0.1337167306106224,8.964686284973489e-11,0.017531419062666042,1.0211314259434001e-10,0.019969335654587743,1.1026155682936079e-10,0.021562846683409707,1.7866557128367138,6.051704914966649e-09,0.00033639761386439204,-6.821210263296962e-13,Harmful,epoch_00194
2.3211623734198383e-09,0.3790611268201031,8.893597525094776e-10,0.14523831412879534,2.1630514740467177e-10,0.035324057399483355,9.198646271774136e-11,0.015021996138344103,1.35715947160997e-10,0.02216330940368905,1.845551767198942,6.820019216036144e-09,0.0004194156499579549,-2.8421709430404007e-13,Harmful,epoch_00195
1.165524165895604e-12,0.003784184728148878,2.015929621585616e-11,0.06545252608439295,1.7160599330434678e-10,0.5571645772116007,5.817269428209752e-11,0.188873150586656,3.793707752455799e-12,0.01231728295300667,2.2125672153010782,3.078028942837818e-10,7.778512372169644e-05,1.4210854715202004e-14,Non-Harmful,epoch_00196
7.752436388154538e-13,0.0025344595435601424,1.9393045600380604e-11,0.06340057117486647,1.6833704569174657e-10,0.5503346440095448,6.167421044353527e-11,0.20162795723031304,4.481041026519611e-12,0.01464961029812551,2.206310539753515,2.9774804843896163e-10,8.163395978044719e-05,0.0,Non-Harmful,epoch_00197
8.420828053953833e-13,0.0027695833016958753,1.8620255511081485e-11,0.061241422347518476,1.6851101763970533e-10,0.5542273249334129,5.979845557526481e-11,0.19667519983464565,6.791188596720621e-12,0.0223360011813964,2.2261863575214593,3.045449448180193e-10,7.746749179204926e-05,6.394884621840902e-14,Non-Harmful,epoch_00198
2.134052712321477e-09,0.4137618001650506,4.472656203735603e-10,0.08671830230303351,2.861504956597205e-11,0.00554804216028436,1.4424364393889055e-10,0.027966745823067223,1.0225503690314275e-10,0.019825765268451576,1.581729813653286,6.05919447949077e-09,0.00035777935408987105,6.821210263296962e-13,Harmful,epoch_00199
3.965121959069451e-13,0.0013743685792770388,1.837146233751863e-11,0.06367814370578066,1.600356028252925e-10,0.5547065294817813,5.8200882779640625e-11,0.20173267154006122,4.6287408584852474e-12,0.016043884811580707,2.1689306453249193,2.949995803191996e-10,8.095194061752409e-05,2.842170943040401e-14,Non-Harmful,epoch_00200
5.051601498218261e-13,0.00168166664553239,1.7486703383050306e-11,0.058212837710904373,1.6650249234917425e-10,0.5542830088247797,5.8187220233069104e-11,0.19370393230090044,5.0518830655224556e-12,0.016817603786473442,2.2097503813785724,3.076680576974411e-10,8.914395584724844e-05,3.552713678800501e-14,Non-Harmful,epoch_00201
2.006604882254237e-09,0.4012980354702722,4.386590708727045e-10,0.087726799101911,3.166949168187383e-11,0.006333536267489195,1.2661967481453207e-10,0.025322487353800084,9.969145387672684e-11,0.019937151029435687,1.7151166706153136,7.222650033611444e-09,0.0003864125465042889,9.094947017729282e-13,Harmful,epoch_00202
2.343750082900442e-09,0.38759522633946764,8.204079915419271e-10,0.13567411623464834,2.3964163292644614e-10,0.03963048519214966,1.4066135582690986e-10,0.02326172506476383,8.671165044674134e-11,0.01433984878608798,1.8045526153670108,6.628868121083542e-09,0.0004803254269063473,0.0,Harmful,epoch_00203
2.0499384412175914e-09,0.4145728006223379,4.3492745169237956e-10,0.08795829576645683,2.3444945637662862e-11,0.004741428609764123,1.0135359738983052e-10,0.020497417814211747,1.2206801628528163e-10,0.024686633686299444,1.5681235097319322,5.699834382255631e-09,0.0003113535640295595,5.115907697472721e-13,Harmful,epoch_00204
6.275975832775726e-13,0.0019887778910574016,2.026354973573563e-11,0.06421264323280448,1.830416582193628e-10,0.5800360178381246,5.4380032920263444e-11,0.17232349210459166,5.03424255407503e-12,0.01595288215974006,2.1352430666841693,3.1047125981231716e-10,7.777050632284954e-05,3.552713678800501e-14,Non-Harmful,epoch_00205
6.98943398817764e-13,0.0023692106064536166,1.7265719453110617e-11,0.05852566277262702,1.6049356982295038e-10,0.5440255513326325,5.840361126576571e-11,0.19797090222197444,6.416915935246459e-12,0.021751439845089707,2.24545549905719,2.920041153320341e-10,8.630105730844662e-05,0.0,Non-Harmful,epoch_00206
3.8616549194459004e-13,0.0011986189566902767,2.1261831921817742e-11,0.06599459383882483,1.8418688796373317e-10,0.571697627292903,5.6073402919607634e-11,0.1740462188040808,3.3252034751986986e-12,0.010321098087131613,2.1636186140985827,3.1140290346343136e-10,8.076125959632918e-05,-1.4210854715202004e-14,Non-Harmful,epoch_00207
2.1054371579509734e-09,0.41076895766529264,4.3768533936061615e-10,0.08539202889793714,2.9019434424903956e-11,0.005661666407728366,1.1653509320724842e-10,0.022735895292527092,8.644244781780275e-11,0.016864846359371657,1.6078290722518471,5.955250070854845e-09,0.0003154582518618554,4.547473508864641e-13,Harmful,epoch_00208
2.803000498374786e-09,0.40998523101381235,9.865869232683622e-10,0.1443046720419464,9.274817719395756e-11,0.013565956508042818,1.1670964628757163e-10,0.017070718083173356,7.416011554850499e-11,0.010847144737503174,1.632724323705476,7.539056490202256e-09,0.0004174439236521721,-6.821210263296962e-13,Harmful,epoch_00209
1.981888431146217e-09,0.40350958362329914,3.9697152249412726e-10,0.08082282091897168,1.959376064175622e-11,0.003989260986602097,1.3661206801213188e-10,0.02781401708350064,1.2955057252656e-10,0.02637630693879134,1.6656342920993648,5.788985291133031e-09,0.0003413208178244531,-3.410605131648481e-13,Harmful,epoch_00210
6.630917603195341e-13,0.0022269992731811347,1.7457831512877886e-11,0.05863227447097631,1.640765023847024e-10,0.5510523179789701,6.153696698258174e-11,0.2066724229508479,5.744483908736234e-12,0.01929289768793323,2.1798830348690634,3.0379254667423083e-10,8.667873771628365e-05,7.105427357601002e-15,Non-Harmful,epoch_00211
2.937393439594871e-09,0.42323846426485107,5.985506777717031e-10,0.08624301608017512,2.380922542455366e-11,0.003430585725490545,1.0130999771734706e-10,0.014597393481780012,9.604506339550012e-11,0.013838788016541028,1.482508757565045,9.47395140116214e-09,0.000474282365757972,0.0,Harmful,epoch_00212
8.965577304002881e-13,0.0027159841567957568,2.172645440293164e-11,0.06581696185404814,1.8253525080336175e-10,0.5529625504621171,6.437417423123606e-11,0.19501168903065055,4.62188707445188e-12,0.014001298123999048,2.193407239025379,3.2859212573121965e-10,9.174142905976623e-05,-1.4210854715202004e-14,Non-Harmful,epoch_00213
5.845275435553687e-13,0.0019050296382147269,1.8293664543270194e-11,0.05962075445498056,1.812465594275281e-10,0.5906993970442072,4.945822885352863e-11,0.16118896852403666,5.106746541480925e-12,0.016643362017123138,2.1085911700271343,3.118419411585194e-10,8.046951552387327e-05,-2.1316282072803006e-14,Non-Harmful,epoch_00214
2.3260220416432276e-09,0.408836316961595,5.22504872702001e-10,0.09183875471750093,2.8126924400684317e-11,0.004943765782765008,1.1388921403177044e-10,0.02001788717939486,9.602306970390995e-11,0.016877620872998815,1.638315241527274,7.862457351848207e-09,0.0004240624257363379,1.8189894035458565e-12,Harmful,epoch_00215
1.0315706622243681e-12,0.00338855524301707,1.9265949838080665e-11,0.06328576192227228,1.7916670924655875e-10,0.5885358262151633,5.369293741173606e-11,0.17637326384138005,5.482149836085609e-12,0.01800804176615158,2.084830108900599,3.0475866275025965e-10,8.278212044388056e-05,3.552713678800501e-14,Non-Harmful,epoch_00216
6.218392771192849e-13,0.0020467076217941054,1.6932400848188728e-11,0.05573091817520073,1.6768486599261223e-10,0.5519141455272977,6.402970552854201e-11,0.21074591321023983,4.8493851078842964e-12,0.015961155601655078,2.1879826756597995,3.1019370405616087e-10,8.425186388194561e-05,4.973799150320701e-14,Non-Harmful,epoch_00217
2.110964736345977e-09,0.4169634392694662,4.5583582741759443e-10,0.09003792013659292,2.292819753502151e-11,0.0045288393196945345,1.2407212670456635e-10,0.024507060576370563,1.1289222508203967e-10,0.022298776301905545,1.5519999010666303,5.921862111790688e-09,0.00035146911977790296,-1.0231815394945443e-12,Harmful,epoch_00218
6.226042901721907e-13,0.0020049377659095385,1.9343562992699126e-11,0.062290993787702115,1.7530003143528816e-10,0.5645088845959211,5.562819974623545e-11,0.17913637968980467,5.738193205101147e-12,0.01847838257235745,2.1935676077503614,3.0903041237095863e-10,8.206572965718806e-05,2.842170943040401e-14,Non-Harmful,epoch_00219
3.7091967275415527e-09,0.4424965471797607,7.601902891896106e-10,0.09068852446360791,2.1480069459234308e-11,0.0025625107717574228,1.0899615064674517e-10,0.013002928628441015,9.096977685030261e-11,0.010852433858543915,1.286928598520832,1.0521686633069294e-08,0.0005156294791959226,-9.094947017729282e-13,Harmful,epoch_00220
3.8132821345016055e-09,0.4431109887794914,8.754938128630041e-10,0.10173412703404817,3.942172630000407e-11,0.004580883214001256,1.2644892164598298e-10,0.014693616869755998,7.925372077360882e-11,0.00920944040796432,1.2705308960932293,1.0265532424114099e-08,0.0005311528220772743,4.547473508864641e-13,Harmful,epoch_00221
2.350733829814544e-09,0.4133430463925255,5.108108901141772e-10,0.08981881605325305,4.75975474312218e-11,0.00836935045835712,1.3736678938433555e-10,0.024153992458500157,1.0030516955222835e-10,0.017637234733167466,1.5594390825871156,8.43994385490987e-09,0.0005531863425858319,4.547473508864641e-13,Harmful,epoch_00222
2.00510097414508e-09,0.40609297301659747,4.096660458779988e-10,0.0829696382674607,4.116715475455113e-11,0.008337581239287956,9.109756959196913e-11,0.018449984986896928,8.546888023708288e-11,0.017310006889141916,1.6500444514793413,5.824407622867511e-09,0.0003247535496484488,3.410605131648481e-13,Harmful,epoch_00223
6.182449300770609e-13,0.002047502059201201,1.9682202861883574e-11,0.06518347167731611,1.6801172952884968e-10,0.5564208381577777,6.099886410869046e-11,0.20201589013582433,5.295718507811187e-12,0.017538347703622566,2.172147758532607,3.0397334649379104e-10,8.102293213596568e-05,-8.526512829121202e-14,Non-Harmful,epoch_00224
4.856107920295227e-13,0.0016272155207300092,1.833622343587818e-11,0.061442183444350575,1.6473322012044989e-10,0.5519985489604453,5.487670083972884e-11,0.183884338648379,5.675802818190523e-12,0.019018840993552832,2.226036181939626,2.919917085897339e-10,7.927935075713322e-05,-7.105427357601002e-15,Non-Harmful,epoch_00225
5.629463366817189e-13,0.0018834713957327845,1.7534982580530434e-11,0.058667471414374735,1.6548419579098805e-10,0.5536668931099047,6.124249897357728e-11,0.20490140445685762,5.3755810566769036e-12,0.01798529006401252,2.1747405895260714,3.0040664400488026e-10,8.87206697370857e-05,5.684341886080802e-14,Non-Harmful,epoch_00226
2.0484041129975594e-09,0.4168239424483703,4.4096608135812954e-10,0.08973093705066357,2.161749858980988e-11,0.004398883467818625,8.773537321996039e-11,0.017853022226267435,1.0492077519297371e-10,0.021350030925624576,1.5585316972755583,5.730473873200026e-09,0.000340240600053221,7.247535904753022e-13,Harmful,epoch_00227
2.1767461166888324e-09,0.4110531210843937,4.687787241719477e-10,0.08852339562776157,2.8789559278208365e-11,0.0054365725544295975,1.4104587463259488e-10,0.026634868687396004,9.646005869057284e-11,0.018215357262268993,1.613545213701012,6.08253536427128e-09,0.00034615048207342625,7.815970093361102e-13,Harmful,epoch_00228
2.1631181290615586e-09,0.4217833602903767,4.789105136765448e-10,0.09338208719304529,1.941111160697062e-11,0.0037849453391209623,1.194279102695317e-10,0.023287080177999447,1.052114298460971e-10,0.020515028664058313,1.5018590626570942,5.957252469102059e-09,0.0003184009692631662,3.410605131648481e-13,Harmful,epoch_00229
3.0615967538949462e-09,0.42648352195490347,9.487133439955997e-10,0.13215672761545552,3.152935031114357e-11,0.004392070362806455,9.269452393156907e-11,0.012912440863407437,9.751611497466062e-11,0.013584093368548045,1.4946487167524294,8.232252213247193e-09,0.00045483297435566783,4.547473508864641e-13,Harmful,epoch_00230
1.6335932606637016e-09,0.3911037280428891,3.9458927965363433e-10,0.09446986715383161,2.8411054758814558e-11,0.0068019804570499725,1.0260972887338182e-10,0.02456611964690962,1.1707254089776686e-10,0.028028707205836247,1.8380947435364783,6.185594259022764e-09,0.0003324475255794823,0.0,Harmful,epoch_00231
2.0740589246059926e-09,0.4048092874439271,4.370435523898264e-10,0.08530099455033442,2.7938965377338754e-11,0.005453052722920875,1.207346219528338e-10,0.023564661400265287,8.309290538618952e-11,0.016217851586554602,1.6650415192475254,5.9678870734103384e-09,0.00035179732367396355,-5.684341886080801e-13,Harmful,epoch_00232
2.1804724692486843e-09,0.40977995481588797,4.3733752383423585e-10,0.08218959573373372,5.241804039435305e-11,0.009851012809043448,1.5973984981987321e-10,0.030020185700413368,9.81905685232265e-11,0.01845312302734931,1.612412685599839,7.795821765910205e-09,0.00045299273915588856,-2.2737367544323206e-13,Harmful,epoch_00233
2.152937605970351e-09,0.4128676945673594,4.395510387958379e-10,0.0842924678955256,1.6777342536078432e-11,0.0032173820154512128,1.2170141457101824e-10,0.02333861525767538,1.1829271590046986e-10,0.02268493093459913,1.588335673044714,6.082040648891507e-09,0.0003614569141063839,-7.389644451905042e-13,Harmful,epoch_00234
6.093396186929168e-13,0.0020708287606832788,1.8997669648350424e-11,0.06456320824526941,1.6179491080237085e-10,0.5498568357338128,5.620165113460682e-11,0.19100021071514273,5.072512424203826e-12,0.0172388341324287,2.222691750603595,2.874388504991998e-10,8.326479292009026e-05,0.0,Non-Harmful,epoch_00235
2.1610389033810407e-09,0.4119549318473558,4.922188975853281e-10,0.09383079688732059,2.0678552620223556e-11,0.003941915030793005,1.303058893425968e-10,0.024839975661453195,7.810565562371696e-11,0.014889139658254454,1.61320547539043,6.0403300139455496e-09,0.0003463870380073786,3.126388037344441e-13,Harmful,epoch_00236
1.9325363531663697e-09,0.38299854166730896,6.605333224829479e-10,0.1309073947401456,5.771007803578865e-11,0.011437236712778588,9.608974293334738e-11,0.019043487255678233,8.732067065947424e-11,0.017305594000958432,1.882578304978474,6.117461204269148e-09,0.00036393117625266314,-9.094947017729282e-13,Harmful,epoch_00237
9.462101241419774e-13,0.0031401838445567305,1.807656021396431e-11,0.05999060980299802,1.6735410973689469e-10,0.555397430557525,5.718341663900339e-11,0.18977438152988027,5.611702563138726e-12,0.018623535385657853,2.199381168327708,3.0949309781647116e-10,8.145032188622281e-05,0.0,Non-Harmful,epoch_00238
2.0238033471287054e-09,0.4182476027043552,4.650675712591923e-10,0.09611279527265443,3.721977240300767e-11,0.007691992704155594,1.0093913552222666e-10,0.020860500854056777,8.312476748595365e-11,0.017178909589058024,1.5498017257882066,5.645119927066844e-09,0.00032728142105042934,5.115907697472721e-13,Harmful,epoch_00239
5.845333982471002e-13,0.0018633455440959896,2.083528174209176e-11,0.0664176409945688,1.8401762752473516e-10,0.5866019414999813,5.568221160849249e-11,0.1775008942127785,4.178413040914486e-12,0.013319730479949879,2.0793142264918156,3.06054959153812e-10,8.116113895084709e-05,7.105427357601002e-15,Non-Harmful,epoch_00240
2.1395307747695824e-09,0.41181823891017527,4.4084311201508797e-10,0.08485376147266985,2.994162123098887e-11,0.005763182222414767,1.0622256546577447e-10,0.020445786692340106,9.104868768650132e-11,0.017525109084806516,1.5932194766885577,6.0993654571461775e-09,0.0003404674935154617,-2.2737367544323206e-13,Harmful,epoch_00241
2.109720842469187e-09,0.4182497692097008,4.591367008810465e-10,0.09102333129270672,3.840964005186187e-11,0.007614667667745496,9.657606225149662e-11,0.019146095035300913,7.757850872119887e-11,0.015379851549600495,1.545715189318831,5.957403459433408e-09,0.0003390344209037721,2.842170943040401e-14,Harmful,epoch_00242
1.0710184909085152e-12,0.0037499763196475414,1.845569910004924e-11,0.06461927144602098,1.6050761414421189e-10,0.5619881984048143,4.544572704268113e-11,0.15911994207929803,4.771558555173236e-12,0.01670674385325779,2.267409956999463,2.8644864258353664e-10,7.731521327514201e-05,-3.907985046680551e-14,Non-Harmful,epoch_00243
2.3294617346181212e-09,0.4040324456440437,6.795395773862012e-10,0.11786243718155599,3.090959085905176e-11,0.005361100121563813,1.0915327669502872e-10,0.018932041113945666,1.1855172919739143e-10,0.020562151492393883,1.7194519818501137,6.939884222845194e-09,0.00043005592306144536,0.0,Harmful,epoch_00244
1.716243702709619e-09,0.38975642522793935,3.7247544371760144e-10,0.08458862642837955,2.7840719313276807e-11,0.006322586482435694,1.1227276833919442e-10,0.025496980859560845,1.1646787961144822e-10,0.026449684470548965,1.8463856008262631,6.423457321602655e-09,0.0004211427876725793,9.094947017729282e-13,Harmful,epoch_00245
9.780111833238014e-13,0.0030901676035413866,1.9368145000135673e-11,0.061196451779525145,1.7655934353433267e-10,0.5578647491924351,6.26290191582668e-11,0.19788543254353905,5.467083545856316e-12,0.017274040161630748,2.176489831468241,3.2594049681478054e-10,8.73897151905112e-05,-5.684341886080802e-14,Non-Harmful,epoch_00246
1.0360928694858051e-12,0.0035880224306993913,1.6881022946689528e-11,0.05845951725923251,1.6362661225954866e-10,0.5666441419850502,5.1067459234856866e-11,0.1768482291596386,4.697300870753346e-12,0.016266901727034513,2.2021244784881886,2.931921094795342e-10,7.922340591903776e-05,0.0,Non-Harmful,epoch_00247
1.7616534897513247e-09,0.3819871568570673,3.761819016012691e-10,0.08156919387934689,2.994293875346887e-11,0.006492660508393985,8.652232055816889e-11,0.018761019364458627,9.693369891483616e-11,0.021018564812847536,1.898920936250406,6.685577869092185e-09,0.0003943379851989448,-4.547473508864641e-13,Harmful,epoch_00248
5.568082887125181e-13,0.0017554076269521515,1.884115530693259e-11,0.05939909372192489,1.8073630092541038e-10,0.56979374686606,5.347035802408945e-11,0.16857197745454214,4.547615376718911e-12,0.014336925075587129,2.1910891927599447,3.1431682256943816e-10,9.113910346059129e-05,-5.684341886080802e-14,Non-Harmful,epoch_00249
2.1875532496551386e-09,0.41241820144700164,4.724617780338392e-10,0.08907295709482102,4.427602728895863e-11,0.00834733487955521,1.1373592779390096e-10,0.021442571415375325,1.0023050531909883e-10,0.018896401603180863,1.5998613461403268,6.14840667267913e-09,0.00031920429319143295,5.684341886080802e-14,Harmful,epoch_00250
4.1253290930867714e-13,0.0013540930491098804,1.8905029885302183e-11,0.062053642226510726,1.6860317308964312e-10,0.5534210231158246,5.8065204174787693e-11,0.1905925263029003,3.9950357475296294e-12,0.013113257184113774,2.2170241827833106,3.0045194110428497e-10,7.791221287334338e-05,5.684341886080802e-14,Non-Harmful,epoch_00251
2.1250827764163205e-09,0.41405716094650696,4.3990940404303736e-10,0.08571319712020749,4.6206210732591124e-11,0.009002949271602674,9.905226205225715e-11,0.019299623932697196,9.134392287696302e-11,0.017797709244970348,1.561688169070595,5.9630531623611205e-09,0.00032985443249344826,3.410605131648481e-13,Harmful,epoch_00252
2.2202433225260165e-09,0.41712272665966216,4.697967032757377e-10,0.08826189447701838,4.1873969569561353e-11,0.007866968537055236,1.0896160015927414e-10,0.02047089132011283,1.1549773290542298e-10,0.021698851105070662,1.5432694878007294,6.2498353159412545e-09,0.0003560071636456996,7.389644451905042e-13,Harmful,epoch_00253
2.11911621583738e-09,0.4105255972531312,4.3036529808609947e-10,0.08337247844805122,2.9226522244019115e-11,0.005661905378378082,1.173308845914267e-10,0.02272991500567612,1.062378822067056e-10,0.020580924121984298,1.6055474575249962,6.082971459875353e-09,0.00036577030550688505,-5.968558980384842e-13,Harmful,epoch_00254
1.6574839278860054e-09,0.39494179735080737,3.464733456734481e-10,0.08255694282896855,2.902426649714629e-11,0.006915841405347338,1.4917016927240567e-10,0.03554395537259164,8.629436748508468e-11,0.020562041068644604,1.783442880728229,6.436693400502236e-09,0.00038227104232646525,-9.094947017729282e-13,Harmful,epoch_00255
2.069114657388127e-09,0.4118362228736451,4.549505529249931e-10,0.09055327922108443,2.497562486686311e-11,0.004971144045763991,1.4655502679483678e-10,0.029170287138423016,1.2877869950966847e-10,0.025632090035836753,1.6041630292568276,6.01995164828395e-09,0.00034173548920080066,-4.547473508864641e-13,Harmful,epoch_00256
3.128380800937469e-13,0.0010648290776106052,1.725894649634921e-11,0.05874549566578054,1.6123050811112094e-10,0.5487916726224844,5.936135784312402e-11,0.2020524480231595,5.774096316097516e-12,0.01965369961502908,2.1965705001132174,2.8786864558760783e-10,7.950754661578685e-05,-7.105427357601002e-15,Non-Harmful,epoch_00257
2.1974073671771066e-09,0.4219675274251935,4.5800373389692783e-10,0.08795033002563714,2.195690677886386e-11,0.004216378720566975,1.0484343601624424e-10,0.020133055947368344,7.325349658457436e-11,0.014066848637515908,1.4914429386343864,6.015900666511698e-09,0.0003364411531947553,-9.663381206337363e-13,Harmful,epoch_00258
1.9303212361876376e-09,0.398919050655748,5.724203125390126e-10,0.11829604491380764,3.7301119658328385e-11,0.007708627436480417,1.0515372426966874e-10,0.02173100677347311,9.175651904946847e-11,0.01896234822706575,1.7538546373091708,5.996044549760882e-09,0.0003404117305763066,0.0,Harmful,epoch_00259
2.0492745278488655e-09,0.4072416751957182,4.6173835935303664e-10,0.09175886412956043,2.602473098134439e-11,0.005171759516518144,1.2921456005871024e-10,0.025678137888740567,1.1132495880000759e-10,0.0221230304172077,1.656464724786066,5.800319335946824e-09,0.00035930410376749933,3.979039320256561e-13,Harmful,epoch_00260
7.932534295228277e-13,0.0025795252402338424,1.823041376062054e-11,0.05928220501197816,1.6830705579229388e-10,0.5473059206145844,6.294423283374068e-11,0.20468393993513437,4.853368304035682e-12,0.015782328288125837,2.2469031550113185,3.0437968812080385e-10,7.781287422403693e-05,3.552713678800501e-14,Non-Harmful,epoch_00261
7.432057898791589e-13,0.002509604720772109,1.7653978973131146e-11,0.05961270697122144,1.6885440268232799e-10,0.5701755985561221,5.530191864340506e-11,0.1867396056182639,6.318192984858945e-12,0.021334826985308274,2.1587367479435047,2.903754736660602e-10,7.809048111084849e-05,-1.4210854715202004e-14,Non-Harmful,epoch_00262
2.0352473040219365e-09,0.40797238005499264,4.322711338183849e-10,0.08665024783202263,3.066562108411386e-11,0.006147030090558297,1.1704254752886722e-10,0.02346158453996748,9.88735846668698e-11,0.019819552926761633,1.6443499034117377,5.836353622612478e-09,0.00033489218913018703,4.547473508864641e-13,Harmful,epoch_00263
8.2774314746209e-13,0.0029432243864051977,1.7879117240535147e-11,0.06357316763187183,1.5756856930337904e-10,0.5602700029913839,4.97508555348785e-11,0.17690020352778904,5.092709999370004e-12,0.018108260163786957,2.2223876011387156,2.790497832805272e-10,7.751272642053664e-05,-2.842170943040401e-14,Non-Harmful,epoch_00264
5.198533118734583e-13,0.0017290089639571248,1.662199723565308e-11,0.055284022555790624,1.6313112666255236e-10,0.5425668623394968,6.612225805953387e-11,0.21991968559363398,4.239714915948989e-12,0.014101102997460382,2.1930376770270614,2.9787752819920854e-10,8.49679418024607e-05,4.263256414560601e-14,Non-Harmful,epoch_00265
1.7337236091208297e-09,0.3814752840106922,5.357523313875845e-10,0.1178828457432776,2.007630780370695e-11,0.004417437232217692,9.764167642825616e-11,0.021484327750279364,1.100556624999971e-10,0.024215806307477755,1.9289674670257193,5.656747958937558e-09,0.0003040741430595517,9.094947017729282e-13,Harmful,epoch_00266
1.9408386009445167e-09,0.3862670558078243,5.780229003771176e-10,0.115038521909814,2.6163931264588935e-11,0.005207163899673471,9.649362645719473e-11,0.01920422902641254,1.1088341963366721e-10,0.022068095728803236,1.8691514428598375,6.256639650814577e-09,0.0003318933886475861,-9.094947017729282e-13,Harmful,epoch_00267
1.0032751539268414e-12,0.003208097804917331,1.7848813572973743e-11,0.057073814117409284,1.7287736520099628e-10,0.5527970005540971,6.404250383045679e-11,0.20478391710962265,3.206570805321801e-12,0.010253411261707568,2.188117028528188,3.085565691840486e-10,8.670477836858481e-05,2.842170943040401e-14,Non-Harmful,epoch_00268
7.797141838433719e-13,0.0025157644479789705,1.978479218563839e-11,0.06383605406013716,1.7234740024019146e-10,0.5560825635986816,6.041538189865969e-11,0.19493151855020255,5.223805437694351e-12,0.016854719685272003,2.173971221085619,3.103823864591959e-10,8.429681474808604e-05,7.105427357601002e-14,Non-Harmful,epoch_00269
4.46799335810516e-13,0.0015353094763133823,1.7193526116732194e-11,0.059081071663578934,1.6089206356095787e-10,0.5528636460496272,5.852258684168471e-11,0.20109761800209158,6.779101314590558e-12,0.023294614953486295,2.204854732273933,2.922352082546098e-10,7.9452118370682e-05,5.684341886080802e-14,Non-Harmful,epoch_00270
1.0593782795442763e-12,0.0034257232833209096,1.7280602296332326e-11,0.05588047516116762,1.7270419122583647e-10,0.5584754571935958,6.062250240647035e-11,0.19603565789206234,4.352552335478571e-12,0.014074896725215101,2.1938974423730615,3.0992655664086044e-10,8.988564513856545e-05,2.842170943040401e-14,Non-Harmful,epoch_00271
2.18606777124819e-09,0.41615104349123105,4.614688527138089e-10,0.08784757138883316,3.6769184919016595e-11,0.006999570129353308,1.0484148792178072e-10,0.019958161944316467,1.174274601167813e-10,0.022354091993324294,1.5544584731748026,6.096447791037463e-09,0.0003279243828728795,2.2737367544323206e-13,Harmful,epoch_00272
1.112174371695196e-12,0.003943978010964417,1.6475781351200924e-11,0.05842619738085693,1.4994390451494866e-10,0.5317290861357655,5.955146326151045e-11,0.21118060944540562,5.893002286237042e-12,0.02089768657414418,2.2871609882287602,2.787425568140378e-10,8.082640124484897e-05,5.684341886080802e-14,Non-Harmful,epoch_00273
2.1424071405817813e-09,0.4033627721182956,5.765777577604325e-10,0.10855546469512029,3.932617426150031e-11,0.0074041550583230096,1.2131796955916485e-10,0.022841201180770498,7.2011639706826e-11,0.013558027354707871,1.7217420473093237,7.037275651100572e-09,0.00040806597098708153,-9.094947017729282e-13,Harmful,epoch_00274
1.930631432500718e-09,0.3880016491803834,6.2770793424205e-10,0.1261513252035155,7.340769485331133e-11,0.01475284520190497,1.025981114302632e-10,0.020619283291255574,9.323021434720635e-11,0.01873660415509849,1.8331241033772718,6.157284460073242e-09,0.0003535012365318835,0.0,Harmful,epoch_00275
9.856918883541232e-13,0.0034038647199633085,1.7930621831058202e-11,0.061919360176185025,1.5722746715685076e-10,0.5429496121328768,5.966940526749842e-11,0.20605483909416314,6.44816741234705e-12,0.022267292470017627,2.229450799860505,2.921853314852285e-10,8.348378469236195e-05,-2.842170943040401e-14,Non-Harmful,epoch_00276
5.421046641099214e-13,0.0018419739625694944,1.8250343673375385e-11,0.062011379130075116,1.7156902287762676e-10,0.5829606233751173,4.898266536303153e-11,0.1664342703343058,4.8028244792677754e-12,0.016319132122074514,2.1401720916172944,2.9539573564996147e-10,8.573289960622787e-05,-2.842170943040401e-14,Non-Harmful,epoch_00277
1.8863359763088283e-09,0.3778467523750704,6.85212941942126e-10,0.13725311293952247,1.3971842433013748e-10,0.027986611899014864,1.4223154945480765e-10,0.028490009055510253,8.197668672355052e-11,0.016420523829256062,1.920443453773306,5.833959981771386e-09,0.00035994098288938403,-3.410605131648481e-13,Harmful,epoch_00278
1.1739337800464877e-12,0.004155450097867604,1.7291045114817272e-11,0.061206242069084385,1.5281213100459823e-10,0.540919083794717,5.5744610804545763e-11,0.19732284082852453,5.982565788251182e-12,0.02117687897975241,2.253279825781807,2.7652963252577933e-10,8.267670636996627e-05,-7.815970093361102e-14,Non-Harmful,epoch_00279
2.0083543716964414e-09,0.4049012827436247,3.949247769086117e-10,0.07962018606430782,3.89445073412098e-11,0.00785154313427001,1.1366166514925613e-10,0.022915156142905162,1.5305499923012889e-10,0.030857186556302943,1.6490903513103867,5.892627275017048e-09,0.00039784901309758425,-2.2737367544323206e-13,Harmful,epoch_00280
1.6986088091641705e-09,0.38570493624935376,4.042698190098726e-10,0.09179798428424975,3.2610398756349745e-11,0.00740487845437061,9.962628205045787e-11,0.022622247429612906,1.0268268700597272e-10,0.02331626860279824,1.8962607036989734,6.075825620399655e-09,0.0003598997136577964,0.0,Harmful,epoch_00281
1.968249785377907e-09,0.41463225415469773,3.974760780928177e-10,0.08373246295085997,3.3942260460606555e-11,0.007150289597610712,9.963329987427993e-11,0.020988789137762736,9.971798126812148e-11,0.02100662815264506,1.5595371279101933,5.683093107222703e-09,0.00031603602110408247,-5.684341886080802e-14,Harmful,epoch_00282
9.080407324495166e-13,0.0029836689909679436,1.8515841095599617e-11,0.060839936959217744,1.7391071222006005e-10,0.5714413249374707,5.268921895464594e-11,0.17312790399745379,6.332393431233291e-12,0.020807178845834745,2.1711381729995143,3.0108843196430257e-10,8.588496712036431e-05,-1.4210854715202004e-14,Non-Harmful,epoch_00283
2.14412931853758e-09,0.4198370681132039,4.773363544707809e-10,0.0934661420989031,2.435395808630947e-11,0.004768692947532593,1.6780024418572292e-10,0.0328565828275991,6.855536754599156e-11,0.013423670048765173,1.5259221507228058,5.770691480222467e-09,0.0003464549663476646,3.410605131648481e-13,Harmful,epoch_00284
3.6801777181239004e-09,0.4385033772598038,8.019557726224313e-10,0.09555525348031361,2.5516025056737668e-11,0.0030403051207345388,1.273617817112993e-10,0.01517550936173306,1.1819145662173014e-10,0.01408283970544365,1.3411798149166227,1.052904075038441e-08,0.0005250957328826189,1.8189894035458565e-12,Harmful,epoch_00285
1.1581523500642232e-12,0.003813871050606986,1.7099200961406824e-11,0.05630878142379481,1.6181744139087684e-10,0.5328753640829161,6.638560751462408e-11,0.21861212530712595,5.168588213672054e-12,0.017020497311549046,2.262926028376577,3.0021538033331296e-10,8.612040255684406e-05,2.842170943040401e-14,Non-Harmful,epoch_00286
9.520335908508315e-13,0.0031612891289335403,2.078389478750442e-11,0.06901426722760558,1.7047489114796477e-10,0.5660729046971514,5.168173744865556e-11,0.17161255267770428,4.6196275971244205e-12,0.015339772296751885,2.1963585361342544,3.000520942819662e-10,8.336903556482866e-05,2.842170943040401e-14,Non-Harmful,epoch_00287
2.811407995295667e-09,0.4194206404492065,7.385779557389505e-10,0.11018494638133026,6.13506676017117e-11,0.009152615465472552,9.92631627935725e-11,0.014808601021822023,7.241435923122097e-11,0.010803155208101864,1.4958222137610502,8.026608711020344e-09,0.000500470632687211,-4.547473508864641e-13,Harmful,epoch_00288
8.490867514296396e-13,0.0029154666097159763,1.7443983594839924e-11,0.05989653192157174,1.6302469790785423e-10,0.5597697320198601,5.2735008010786413e-11,0.1810735531554136,5.573768714368238e-12,0.0191383701955768,2.215957297426332,2.9335237017313887e-10,8.075380173977464e-05,-7.105427357601002e-15,Non-Harmful,epoch_00289
6.268041099176391e-13,0.0021117262962978144,1.8372577276822705e-11,0.061897894337878796,1.6626749282933062e-10,0.5601613506863271,5.246463918688604e-11,0.17675531548649506,6.545210445678407e-12,0.022051056772359665,2.2443060918302837,3.0565017183903365e-10,8.036554208956659e-05,0.0,Non-Harmful,epoch_00290
2.0432944225490246e-09,0.4113257169472324,4.161735712993053e-10,0.0837778886390856,3.747688097355262e-11,0.007544289636029077,1.1321581519507795e-10,0.02279092814083355,9.094563340264483e-11,0.018307825563335094,1.6021074950082934,5.853268536526457e-09,0.0003360663540661335,1.7053025658242404e-13,Harmful,epoch_00291
5.244991723926673e-13,0.001724191342405002,1.9714250739689965e-11,0.06480685239657025,1.7324433554399832e-10,0.5695078261096701,5.507188148979984e-11,0.18103834338098695,4.472364779949459e-12,0.014702049191972594,2.1545381448598127,2.937566301319805e-10,8.733764116186649e-05,0.0,Non-Harmful,epoch_00292
6.566511657341012e-13,0.002341700074515374,1.7686177446619294e-11,0.0630711178260682,1.5860150692770247e-10,0.565592783461595,5.4249469066264266e-11,0.19346038259578965,4.984029302549514e-12,0.017773671011638778,2.1777124941487225,2.820789712920657e-10,8.117344987113029e-05,-7.105427357601002e-15,Non-Harmful,epoch_00293
9.26199221484847e-13,0.0032097015136868623,1.6875337607337448e-11,0.05848071927269916,1.6208330511080504e-10,0.5616923634674335,5.517447875533557e-11,0.19120466080070178,5.5440517086023655e-12,0.019212660460382797,2.178816355910405,2.8886831815455594e-10,7.671863568248227e-05,-4.263256414560601e-14,Non-Harmful,epoch_00294
5.31887576517287e-13,0.001862855753663179,1.5988062978568307e-11,0.055995771333055826,1.5414521742362908e-10,0.5398702993919927,5.7753068332441065e-11,0.2022713828723802,5.4338883653110015e-12,0.01903137176537157,2.2616258677197068,2.8618088454557267e-10,8.333133882842958e-05,-8.526512829121202e-14,Non-Harmful,epoch_00295
1.7497221449502831e-09,0.37696045617651364,6.178681732915692e-10,0.13311363128890222,5.917053305659614e-11,0.012747710370811897,1.1191088160333873e-10,0.02411010062486753,1.2893277504671952e-10,0.027777300434804867,1.9443043253159735,5.655989454567134e-09,0.0003218926431145519,-2.2737367544323206e-13,Harmful,epoch_00296
5.629238394866398e-13,0.0018359372043325578,1.6969888005664152e-11,0.05534611710772125,1.7221808007450434e-10,0.5616773678582325,5.6563929972178184e-11,0.18447934902506125,5.46204628835284e-12,0.017814086540940563,2.2169439235282877,3.1767063979337706e-10,8.630311640445143e-05,1.4210854715202004e-14,Non-Harmful,epoch_00297
9.035366855744686e-13,0.003021911367031844,1.7957947249461897e-11,0.060061008908790445,1.6970070487731803e-10,0.5675701908396031,5.326929761011179e-11,0.17816110682816502,4.273530693817834e-12,0.01429297911993106,2.18539374379547,2.936653142882051e-10,7.802445179549977e-05,8.526512829121202e-14,Non-Harmful,epoch_00298
8.582714617136333e-13,0.0027903253195639224,1.8051809613089942e-11,0.05868821657751755,1.71458451603268e-10,0.557428366319668,5.289360692061623e-11,0.17196234200654484,7.409096882023125e-12,0.02408770598492666,2.2455439398475017,2.987664837750259e-10,8.861529204295948e-05,4.263256414560601e-14,Non-Harmful,epoch_00299
2.4857207403528037e-09,0.4094876932887511,5.186504697940464e-10,0.08544040408535492,4.147114596175783e-11,0.006831790724613352,1.1129191752196066e-10,0.018333785387847464,7.635025077445956e-11,0.01257763495476716,1.6226020666830971,8.299300802150356e-09,0.00041591812623664737,9.094947017729282e-13,Harmful,epoch_00300
4.2697025385771137e-13,0.001430365294199941,1.7526923922622784e-11,0.05871580857564122,1.647246991587359e-10,0.5518335074759134,5.932298727771845e-11,0.19873408365958606,4.805949637819856e-12,0.01610009949288214,2.187762814757526,3.0111735327409406e-10,8.48239433253184e-05,-7.105427357601002e-15,Non-Harmful,epoch_00301
2.1254320525798676e-09,0.4132766382433479,4.3298526309493157e-10,0.08419120889966004,2.4540673312922756e-11,0.00477177661580967,1.268187161188039e-10,0.024659086419770316,8.393074690110636e-11,0.01631979572456321,1.57899604274439,6.013706865815038e-09,0.0003719406377058476,-5.968558980384842e-13,Harmful,epoch_00302
9.035775057862627e-13,0.002936387323943337,1.923903462756893e-11,0.06252176160155934,1.753880235488836e-10,0.5699645750613008,5.831276011104142e-11,0.18950100961755692,4.342825469898226e-12,0.014113031342907176,2.1361492739719647,2.991057124202001e-10,8.534228254575282e-05,-1.4210854715202004e-14,Non-Harmful,epoch_00303
1.924171266765029e-09,0.3999274467256237,4.797890400948246e-10,0.09972127174243513,1.8469989426783684e-11,0.003838876424405567,1.0301908284771066e-10,0.021411897931813154,9.018289240381172e-11,0.01874397280551033,1.7589114625861384,7.094886456116001e-09,0.00042294710874557495,1.8189894035458565e-12,Harmful,epoch_00304
7.762683724987784e-13,0.002608651512368211,1.7827347779421354e-11,0.059908840027325425,1.6226048976664131e-10,0.5452767200405573,6.087863156298279e-11,0.20458277050045864,4.299640884216499e-12,0.01444895231161722,2.2192686463805043,2.892230899220749e-10,8.37567204143852e-05,5.684341886080802e-14,Non-Harmful,epoch_00305
5.484512583669998e-13,0.001870969468118465,1.774546877714514e-11,0.06053633713658333,1.6927367840757768e-10,0.5774549319107513,5.3896785417919396e-11,0.18386180796978396,4.291836417508188e-12,0.014641036512935659,2.13295297244829,2.929940734475167e-10,8.649002120364457e-05,-2.842170943040401e-14,Non-Harmful,epoch_00306
2.246172359221532e-09,0.40934480391765105,4.6307088719110823e-10,0.08439052361187109,2.695083045622937e-11,0.004911547577028573,1.4146973523199158e-10,0.025781592757597525,1.3421244324240966e-10,0.024459016262409004,1.6151552590139047,6.40448494237944e-09,0.00036458310205489397,2.5579538487363607e-13,Harmful,epoch_00307
2.0060317851289255e-09,0.4185608888776591,4.4482615854657404e-10,0.09281350061226597,3.6898806926588534e-11,0.007698979418078076,1.1017474346036726e-10,0.0229880896686169,9.478364274007056e-11,0.019776718420140428,1.5361044732960099,5.6070619258719034e-09,0.0003704929258674383,4.547473508864641e-13,Harmful,epoch_00308
7.981064810771987e-13,0.002804751984879534,1.665726009816154e-11,0.05853790744803412,1.6178786782505838e-10,0.5685642883131378,4.998472358133492e-11,0.17565920839182272,4.101506244011399e-12,0.014413750610520418,2.168141981935084,2.891317740782995e-10,7.654969522263855e-05,-1.4210854715202004e-14,Non-Harmful,epoch_00309
9.84326444138095e-13,0.0033235768862674617,1.98631410798511e-11,0.06706786856617365,1.6235684324739097e-10,0.5481976581629607,5.653197918467634e-11,0.19088015004784728,5.4906349649178066e-12,0.018539121415468766,2.2359272769700915,2.9711516580377406e-10,7.884572551120073e-05,-7.105427357601002e-15,Non-Harmful,epoch_00310
1.4764822697799218e-09,0.3799024965047928,3.2827362009268946e-10,0.08446560474340656,3.0097839151532746e-11,0.007744247572150883,1.604823825912538e-10,0.0412925092561675,9.551465000867676e-11,0.02457615288295098,1.9279890207005992,5.9816356312580865e-09,0.00033327910932712257,9.094947017729282e-13,Harmful,epoch_00311
2.0362127539641506e-09,0.4200357203921778,4.63633962818899e-10,0.09563972389023993,3.3420367168135456e-11,0.0068940477717320155,1.209821149511514e-10,0.024956532518099935,1.1232750667111713e-10,0.023171235467711108,1.5247619754863968,5.575755857023523e-09,0.0003111866826657206,-2.2737367544323206e-13,Harmful,epoch_00312
2.9821984881550634e-09,0.4159659618702381,8.804956624919313e-10,0.12281416767722027,1.2469668006498402e-10,0.017393065777236552,1.229788840206858e-10,0.017153462448785583,9.121904013392745e-11,0.01272350446185862,1.5367116187139096,8.285390151741012e-09,0.0005126222968101501,0.0,Harmful,epoch_00313
5.524933809064603e-13,0.0017828670803016822,1.8096111848581176e-11,0.058395201121431844,1.6327676016780757e-10,0.5268855170787681,6.466334184686978e-11,0.20866520299651664,7.800169581420602e-12,0.025170736968231314,2.3090424424184306,3.1088487340014126e-10,8.924568828660995e-05,4.263256414560601e-14,Non-Harmful,epoch_00314
8.786087092246819e-13,0.003062759446776141,1.7685755095663003e-11,0.06165112287631471,1.568020088771327e-10,0.5465992186507036,5.5988062764526086e-11,0.19516989342168767,4.762961021680806e-12,0.016603299865593484,2.2472206245379227,2.897531659051822e-10,8.092675125226378e-05,1.4210854715202004e-14,Non-Harmful,epoch_00315
1.0848984471206746e-12,0.003643562441852775,1.7809235423188463e-11,0.05981118461203383,1.683699568655328e-10,0.5654597928495241,5.107391918245108e-11,0.17152850959026544,6.996149644854233e-12,0.023496123670584557,2.2182316153126793,2.998817583144131e-10,8.47265764605254e-05,2.842170943040401e-14,Non-Harmful,epoch_00316
3.540862714146442e-09,0.4363592477883667,9.346838511503641e-10,0.1151860366058345,3.490353145396696e-11,0.0043013468637351756,1.1638062475533006e-10,0.01434220018541947,9.621631789913376e-11,0.011857245957516095,1.3739227764736868,9.508132947644299e-09,0.000508706143591553,1.8189894035458565e-12,Harmful,epoch_00317
6.386529759899728e-13,0.002214719533102286,1.739590199320573e-11,0.06032547469236347,1.5898574123873743e-10,0.5513304405422604,5.520976698817487e-11,0.1914563212943619,4.7381368305839805e-12,0.016430901575209215,2.235976902893438,2.8938834661929036e-10,7.999627268873155e-05,7.460698725481052e-14,Non-Harmful,epoch_00318
6.123931656915049e-13,0.0020813652558933685,1.7831646044724064e-11,0.06060513182077779,1.659398174425064e-10,0.5639863243805503,5.1600389000712454e-11,0.17537631520657426,5.54296712695912e-12,0.018839105069999376,2.227612792678739,2.972146417867805e-10,9.100540773943067e-05,-7.105427357601002e-15,Non-Harmful,epoch_00319
2.1379014114586425e-09,0.41657529842558116,4.703026579289116e-10,0.09163961865922102,5.1686793733907166e-11,0.010071297679565782,8.865666187296561e-11,0.017274966553274547,1.0675600767978688e-10,0.0208016681777616,1.5497796778752781,5.91255533421986e-09,0.00036129303043708205,5.684341886080801e-13,Harmful,epoch_00320
1.5330383629219568e-09,0.38183732236869855,3.9219780201271703e-10,0.09768559103373758,2.7747679154366267e-11,0.0069111770236817876,1.5656716201295495e-10,0.038996536133607734,9.92329352370036e-11,0.02471617097008867,1.9313602214395411,5.541532566155638e-09,0.00032248932984657586,0.0,Harmful,epoch_00321
8.176084592345645e-13,0.002689092374900353,1.768715371646551e-11,0.05817257595055363,1.744472899467553e-10,0.5737524751847861,5.3245469231605336e-11,0.17512292551711925,6.255518347243749e-12,0.020574232688799078,2.165238579662597,3.0629060399078867e-10,8.23434820631519e-05,0.0,Non-Harmful,epoch_00322
2.077375604869758e-09,0.4111462654793007,4.5281063620894457e-10,0.08961855603300295,3.1547982975999034e-11,0.006243856601367846,7.854414124305875e-11,0.01554515720299265,9.178363277739798e-11,0.018165466928604195,1.610901998082936,5.745108389021425e-09,0.00032805517548695207,-2.2737367544323206e-13,Harmful,epoch_00323
2.1598569599490247e-09,0.41164369887753866,4.822458708406141e-10,0.0919104726481217,2.3156343162411552e-11,0.004413330571704926,1.3470888120259428e-10,0.025673951172766357,9.035546529728711e-11,0.017220704258884893,1.6111500731745632,6.095424165408758e-09,0.00035181688144803047,-3.410605131648481e-13,Harmful,epoch_00324
1.8419199498964645e-09,0.38092468902133797,6.819283610015603e-10,0.14102857665663024,4.366911866837686e-11,0.009031144621416584,1.2136801372936157e-10,0.025099936014913823,1.2082187507422848e-10,0.024986989902689567,1.91775093904043,5.884788656373985e-09,0.0003548183594830334,0.0,Harmful,epoch_00325
2.051266934088858e-09,0.4122769197742353,4.448468555323659e-10,0.08940820344847106,3.5075059176548073e-11,0.007049612665174396,1.0264820157063204e-10,0.020630900669542884,5.850860637993116e-11,0.011759438821800982,1.597556028808951,5.763229449229357e-09,0.00031374237732961774,5.684341886080802e-14,Harmful,epoch_00326
5.09919146837734e-13,0.0016542179706150765,1.788545217961887e-11,0.058021818932633834,1.7045656552916455e-10,0.5529745561748819,6.270663984809036e-11,0.20342529037570642,4.6923604325038726e-12,0.015222387706341836,2.174988029393858,3.1134037015156935e-10,8.318167238030583e-05,0.0,Non-Harmful,epoch_00327
5.548194282473107e-13,0.0018455565536430018,1.8779566714633572e-11,0.062468526984096225,1.715047825978644e-10,0.5704951185730961,5.47001700662228e-11,0.18195515912269888,6.2220118380446054e-12,0.020696958577717618,2.1460111131233384,3.0109587045856756e-10,8.500495459884405e-05,-2.842170943040401e-14,Non-Harmful,epoch_00328
1.01119004662642e-12,0.0032213865616975983,2.064155725685357e-11,0.06575859343313505,1.769698207421122e-10,0.5637794836555485,5.709665620618094e-11,0.18189498762779197,6.5366325091402444e-12,0.02082399860832438,2.1832998566853385,3.1325803062642876e-10,8.616015838924795e-05,0.0,Non-Harmful,epoch_00329
3.6421745619463763e-09,0.4350435206509255,9.949966822686562e-10,0.11884846602707111,2.1785096296356166e-11,0.00260214463345806,1.3559141136265662e-10,0.01619586430193362,1.0401733294140847e-10,0.012424464001353944,1.3848765744495959,9.655281019149697e-09,0.0004980044905096292,4.547473508864641e-13,Harmful,epoch_00330
1.5877112957696227e-09,0.3881530186871446,4.642837260482313e-10,0.11350497428159963,3.4416813149418246e-11,0.008413991859308719,8.843465976876574e-11,0.021619913039151003,1.0041599496357634e-10,0.024549029583298246,1.8559608252519881,5.434302785545242e-09,0.00030994380358606577,-9.094947017729282e-13,Harmful,epoch_00331
2.150754907503938e-09,0.41187114888331366,4.863670369226192e-10,0.09313964579477564,3.423166611282724e-11,0.006555389273268153,1.0405046615979963e-10,0.019925740905930054,1.0048150592828486e-10,0.019242282392947375,1.6140950105138012,5.934637670179654e-09,0.0003566776285879314,2.8421709430404007e-13,Harmful,epoch_00332
4.94076459432724e-13,0.001603509884716348,1.8127986091409642e-11,0.05883381879992997,1.69632467794667e-10,0.5505369334735812,6.112575360152708e-11,0.19838174484840218,5.200638368303007e-12,0.01687851115186452,2.225989905250768,3.088558298003363e-10,8.199389412766322e-05,4.263256414560601e-14,Non-Harmful,epoch_00333
8.528390667283947e-13,0.0028180407688753696,1.7336928171286098e-11,0.05728650609448154,1.6517761464163172e-10,0.5457972908667713,6.166263490483062e-11,0.2037521800504365,5.5068698895637674e-12,0.018196380141465934,2.2290619307483177,2.9636515463948854e-10,7.581559475511312e-05,0.0,Non-Harmful,epoch_00334
6.292381980049777e-13,0.0020762310190698533,1.769721565472726e-11,0.05839363886364489,1.6642294486945985e-10,0.5491282657639791,5.939657272968635e-11,0.19598461618955593,6.739016029239098e-12,0.022236021529329478,2.253880118666059,3.0314417642784974e-10,8.142842852976173e-05,7.105427357601002e-15,Non-Harmful,epoch_00335
5.572357896291291e-13,0.001981745022638016,1.643959382686966e-11,0.05846552545067638,1.5268339370599904e-10,0.5430009363141004,5.674903667644837e-11,0.20182142472920392,8.170980385358018e-12,0.029059152355474696,2.2328022751754184,2.85766660335085e-10,8.443203114438802e-05,-4.973799150320701e-14,Non-Harmful,epoch_00336
4.557395585046142e-13,0.0015832817560093033,1.8140093919170874e-11,0.0630203791146819,1.6411028092022661e-10,0.5701344307418197,5.266243615232452e-11,0.18295421766889694,6.001981138654966e-12,0.02085144258252521,2.1569371231873444,2.8289787179502923e-10,8.04820447228849e-05,0.0,Non-Harmful,epoch_00337
5.992088335932122e-13,0.0020097246506056957,1.8410741464344738e-11,0.06174895776309724,1.6653288470447336e-10,0.558545242933227,5.815873894672932e-11,0.19506229674299563,4.039301906193574e-12,0.013547671791545764,2.1839525556875277,2.9851282556947467e-10,8.265284122899175e-05,0.0,Non-Harmful,epoch_00338
4.808368872337432e-13,0.0016538332492566073,1.685173962179265e-11,0.05796137533181304,1.6504832223152022e-10,0.5676819110340319,5.094761261091249e-11,0.1752337600197728,5.1557514225801515e-12,0.017733150999748704,2.1830486007287018,2.9001862023037006e-10,8.088008326012641e-05,0.0,Non-Harmful,epoch_00339
5.625552107479947e-13,0.0019404979818812473,1.6834984036158407e-11,0.05807119358779284,1.6239336264600723e-10,0.5601654494791467,5.6086279175658615e-11,0.1934660091529189,3.955264528442484e-12,0.013643430348896618,2.2123524288263825,2.8984967204159773e-10,8.996084216050804e-05,-2.842170943040401e-14,Non-Harmful,epoch_00340
9.429562165819139e-13,0.00316782982657443,1.878968909716644e-11,0.06312333118691894,1.7577651140188166e-10,0.5905153026600888,4.767243056476994e-11,0.16015393375929654,3.861290248045185e-12,0.012971875259656809,2.103072320701672,2.9750868435485245e-10,7.510762225138023e-05,2.842170943040401e-14,Non-Harmful,epoch_00341
9.589205514706767e-13,0.0030783438036652436,1.952239303375236e-11,0.06267113321953537,1.7422988052295807e-10,0.5593158602124138,5.6831598048466894e-11,0.1824418065048026,5.631869970379455e-12,0.018079529111954908,2.1941213134212743,3.0745678225585493e-10,8.434861229034141e-05,7.105427357601002e-14,Non-Harmful,epoch_00342
3.3256557507854723e-09,0.4270658159858526,8.42770176562313e-10,0.10822477132731424,3.1046575033055746e-11,0.0039868621089017954,1.0554004371832182e-10,0.01355297970305621,1.1172834619294081e-10,0.014347653789592747,1.4855632603041624,9.31208621324231e-09,0.00046920691966079175,1.3642420526593924e-12,Harmful,epoch_00343
9.902035788544872e-13,0.0031868607576324213,1.8700520298953194e-11,0.06018555735476717,1.7459104301176254e-10,0.5619019719681948,5.6782648895359333e-11,0.18274867849738693,5.435077789304327e-12,0.017492197050480336,2.1920160346676885,3.152524907790166e-10,8.972157957032323e-05,-2.842170943040401e-14,Non-Harmful,epoch_00344
3.977821627643152e-09,0.44648732372268246,8.06614193840649e-10,0.0905377481438312,2.658758976870068e-11,0.0029843021913220596,1.378775132260257e-10,0.015475948306485887,1.0469921804534543e-10,0.011751877795641946,1.232015035279834,1.1478864081482243e-08,0.0005522490828298032,9.094947017729282e-13,Harmful,epoch_00345
5.912308403271949e-13,0.001917213258885521,1.8210685997360754e-11,0.05905268512078835,1.7007949909553233e-10,0.5515251378803351,6.050357068652923e-11,0.19619789770428117,7.146836291174741e-12,0.023175396751870324,2.2095830596356962,3.081574995178471e-10,8.336255996255204e-05,7.105427357601002e-14,Non-Harmful,epoch_00346
3.974570238901576e-13,0.0013376786908952697,1.8056256305670065e-11,0.060770014984345366,1.6438257005590984e-10,0.5532448740399143,6.243133576300589e-11,0.21011848445124137,6.02388175148863e-12,0.020273935975694702,2.15125363888894,3.016736305205825e-10,8.533723303116858e-05,1.4210854715202004e-14,Non-Harmful,epoch_00347
8.842202144088152e-13,0.0028555895283751244,2.0008067685289843e-11,0.06461606241758952,1.742150312900037e-10,0.562627511710865,5.34051938956559e-11,0.17247209458024096,4.623549264802518e-12,0.014931754159594735,2.2472412168113736,3.0716607035685684e-10,9.1323941887822e-05,-2.842170943040401e-14,Non-Harmful,epoch_00348
1.8183790029269176e-09,0.38883940770841896,5.594529284280725e-10,0.11963256558756868,3.114109317636782e-11,0.006659164127280795,1.230828191103872e-10,0.026319843335701424,9.851007856664928e-11,0.021065245771926252,1.8570233892151455,5.9174496414016176e-09,0.0003554522409103811,0.0,Harmful,epoch_00349
1.1251828462011115e-12,0.0037267801543577213,1.823849925253196e-11,0.06040873915656491,1.7227452103751872e-10,0.5705999413977489,5.3115218766244116e-11,0.1759258451732801,5.7283210293246345e-12,0.018973087975837605,2.158719609272519,2.973676305195738e-10,8.590411744080484e-05,0.0,Non-Harmful,epoch_00350
9.367518696498656e-13,0.002971787867358863,1.8281231996958303e-11,0.05799608755436993,1.7448802125397123e-10,0.5535525482920306,5.470927161820016e-11,0.17356180958334017,5.1369880571527915e-12,0.016296779625025043,2.256295338036371,3.1475066997188605e-10,9.206742834066972e-05,-4.263256414560601e-14,Non-Harmful,epoch_00351
4.501804744955207e-13,0.0014667619280232024,1.9005846755345418e-11,0.06192417043814136,1.6992168783147577e-10,0.5536327685823078,5.6567338378547827e-11,0.1843056796193529,5.116869276379499e-12,0.01667160054792594,2.222537505324588,3.05477781958885e-10,8.440336387138814e-05,-2.842170943040401e-14,Non-Harmful,epoch_00352
4.489543502586568e-13,0.0015381114169949405,1.7098348561658816e-11,0.05857870654175567,1.603890215085002e-10,0.5494905773844084,6.087013130953028e-11,0.20854023102177174,5.6792744335468215e-12,0.019457115943866284,2.18807337975185,2.936255683039235e-10,8.03783186711371e-05,7.105427357601002e-15,Non-Harmful,epoch_00353
3.1189246740837007e-09,0.4285261676027262,8.501872053590098e-10,0.11681188323805965,3.1241482491284334e-11,0.004292438632283066,1.1780157925522783e-10,0.01618540509017656,6.090200219133202e-11,0.008367660115437584,1.4875246247014002,8.514268401427216e-09,0.0004982302198186517,-2.2737367544323206e-13,Harmful,epoch_00354
9.762833987417285e-13,0.003155977897840559,1.965964305412904e-11,0.06355265186136771,1.756931267138384e-10,0.5679535526528613,5.6130318708963456e-11,0.18144940851452324,5.450105210885736e-12,0.017618256756828595,2.1774349335835446,3.077985644139858e-10,8.430671005044132e-05,-8.526512829121202e-14,Non-Harmful,epoch_00355
3.3923732711826915e-09,0.4330237316801712,8.171054076411277e-10,0.10430044234768227,4.878668649621609e-11,0.006227437653267729,1.0804434430466969e-10,0.01379145554387483,6.828206576547924e-11,0.008715949738128436,1.405809681581446,9.67260138651227e-09,0.00048260801122523844,0.0,Harmful,epoch_00356
2.077357397212154e-09,0.4086831270396171,4.053202461162808e-10,0.07973955076655102,2.4744742713189716e-11,0.004868088102407719,1.5778114925701914e-10,0.031040635353743008,9.857835294585504e-11,0.019393537960484455,1.6147802818940913,6.1671023843246076e-09,0.00036428525345399976,2.2737367544323206e-13,Harmful,epoch_00357
1.8747132735086325e-09,0.38757119776236537,6.293154330982986e-10,0.13010231464343777,5.0806189116903155e-11,0.010503481171244153,1.1627245694034727e-10,0.02403773208411966,8.965223008416956e-11,0.018534366127764428,1.8720232345187355,5.933420865744665e-09,0.00039920868584886193,0.0,Harmful,epoch_00358
1.9448758159512636e-09,0.3868110270318133,4.822948724420018e-10,0.09592230692128828,3.493483280436749e-11,0.0069480932640589195,1.5297568593808375e-10,0.03042491541274278,1.3598309891310612e-10,0.027045306295723572,1.8902541686883936,6.673964048076186e-09,0.0004052802105434239,9.094947017729282e-13,Harmful,epoch_00359
8.516117498691411e-13,0.0029294950333138563,1.6821055616109137e-11,0.057863455841303056,1.5561638089245378e-10,0.5353113258439317,5.748449741389827e-11,0.1977433374920375,6.3184903815148574e-12,0.02173524049372663,2.304587301423508,2.9229266229613415e-10,7.60150869609788e-05,2.842170943040401e-14,Non-Harmful,epoch_00360
1.6109488187865395e-09,0.38157032406863045,4.090682098611964e-10,0.09689214677874498,2.981572107263464e-11,0.0070621699580715154,7.048089846126149e-11,0.016694148785415464,1.0532161687920594e-10,0.024946542692959293,1.9310755039910728,6.11091000024544e-09,0.0003350151819176972,9.094947017729282e-13,Harmful,epoch_00361
5.67096716808102e-13,0.0019065818436954421,1.7603438346759648e-11,0.05918284296803842,1.6047951856279496e-10,0.5395329003118631,5.98485800306324e-11,0.2012112090854678,5.875710454208288e-12,0.019754166333140324,2.271255545749979,2.95970997710171e-10,8.342292858287692e-05,-4.263256414560601e-14,Non-Harmful,epoch_00362
7.311432275586283e-13,0.0027061724380962795,1.5512646505885797e-11,0.05741678898720628,1.5164185879212866e-10,0.56127035477743,4.9255952940495396e-11,0.18231052034062298,4.928030151920421e-12,0.01824006414689122,2.2069553652757232,2.7524321710714617e-10,7.686515164095908e-05,2.842170943040401e-14,Non-Harmful,epoch_00363
3.640922674463809e-09,0.440277474744763,9.132380927867612e-10,0.11043304054571605,1.8871025402045216e-11,0.0022819730471425946,1.2281170438249722e-10,0.014850968259739044,9.826522234801516e-11,0.011882692333472354,1.3287411447982567,9.675095391514787e-09,0.000534346851054579,0.0,Harmful,epoch_00364
1.9500647763237566e-09,0.4100177887182467,4.339307940748327e-10,0.09123765877086791,3.4304831544873515e-11,0.007212884076034289,1.1207730490209178e-10,0.023565211412150025,9.893021124529611e-11,0.020800922587143274,1.6188170003620428,5.501620048420364e-09,0.0003145745722576976,2.2737367544323206e-13,Harmful,epoch_00365
2.0033372738481603e-09,0.41141023950857664,4.2094184388163924e-10,0.08644564600840794,3.460678184991073e-11,0.007106933313402698,1.1171585358182856e-10,0.022942240769433568,9.499738669316304e-11,0.019508895542611114,1.5961985691794196,5.852669904271579e-09,0.0003231358714401722,-5.968558980384842e-13,Harmful,epoch_00366
1.8060575257550227e-09,0.38028268227738893,5.522424115222968e-10,0.1162799205043254,3.461883557598355e-11,0.007289326869392665,1.2692137358466526e-10,0.026724508880152882,9.323823917800622e-11,0.019632202839502677,1.9535718580937276,5.884690068569398e-09,0.0003638608905021101,0.0,Harmful,epoch_00367
7.438524080548292e-13,0.002534797438531869,1.793735776231542e-11,0.061124448906261335,1.6488344717346948e-10,0.561867024998336,5.5558877160369335e-11,0.18932586355683392,3.939524487878154e-12,0.013424567122152894,2.1984772259040177,2.9910809939970306e-10,8.761406934354454e-05,2.842170943040401e-14,Non-Harmful,epoch_00368
1.0471275539367109e-12,0.0036039437513668243,1.7637605135081835e-11,0.06070410102062457,1.5816683379688001e-10,0.5443695662412046,5.752360989885047e-11,0.19798147195308646,4.502680509260032e-12,0.01549706836071824,2.243449759034476,2.96324104143153e-10,7.84183939686045e-05,4.263256414560601e-14,Non-Harmful,epoch_00369
1.627887602495548e-09,0.3819012902219166,5.681808287749668e-10,0.13329482407500007,2.6600783208097223e-11,0.0062405250906219165,1.4040827094746744e-10,0.03293968192304168,1.0497996829478273e-10,0.024628226959756007,1.9310648992902337,5.321830975901776e-09,0.00032936770003288984,-4.547473508864641e-13,Harmful,epoch_00370
4.947155966134043e-13,0.0015603530115499743,1.8705518037287483e-11,0.05899796085242942,1.7049497230692268e-10,0.537748042136475,6.34961476843679e-11,0.2002694193175977,4.591586280026233e-12,0.014482048936551266,2.2889493306040816,3.1481994788862266e-10,8.538538531865925e-05,0.0,Non-Harmful,epoch_00371
8.49276866280585e-13,0.0028206250565841915,1.9613703239676483e-11,0.06514118658680193,1.6053524481973724e-10,0.5331709269163452,6.15138395407798e-11,0.20430025121878137,6.499387996111022e-12,0.02158581890329815,2.2836627051369653,3.002856296951961e-10,0.00010124917753273621,-4.973799150320701e-14,Non-Harmful,epoch_00372
8.566671677590065e-13,0.002766584033503818,1.7764658234026287e-11,0.05737049542761884,1.6757286530610926e-10,0.5411721506931695,6.386452976701873e-11,0.20624881518789331,5.6904575452751405e-12,0.01837718262189583,2.2596461116403694,3.068065523859076e-10,8.961833373177797e-05,2.1316282072803006e-14,Non-Harmful,epoch_00373
2.297776413584529e-09,0.4088781923204158,6.01555218832095e-10,0.10704383986311243,2.412211576319212e-11,0.004292413757007593,1.398368625754598e-10,0.02488329293119408,1.2634222140706086e-10,0.022481986844872102,1.6807079458686847,7.205288365952356e-09,0.000396762479795143,2.2737367544323206e-13,Harmful,epoch_00374
2.1251778115072284e-09,0.40985280349694936,4.20091149366808e-10,0.08101700213504999,1.8052623632081044e-11,0.0034815526333940978,1.2790421456340684e-10,0.024667065802229854,1.127793977998004e-10,0.021750157617241177,1.6022569207247186,6.1425016184557535e-09,0.00034870451781898737,0.0,Harmful,epoch_00375
2.372585092801083e-13,0.0007666403222968654,1.8143907247946886e-11,0.05862740578829319,1.7124719003946964e-10,0.5533415908354039,6.369306308501993e-11,0.20580787833377884,6.908457258949369e-12,0.022322916533721576,2.174930715391072,3.0903982151109233e-10,8.329498814418912e-05,0.0,Non-Harmful,epoch_00376
1.0668739112637549e-12,0.003756365783890748,1.679981479450754e-11,0.05915061639761893,1.5867140934489044e-10,0.5586675676030453,5.0561700768066153e-11,0.17802313913132306,5.93479998760478e-12,0.020895889731961437,2.231802372125181,2.872646009954849e-10,8.966843597590923e-05,-1.4210854715202004e-14,Non-Harmful,epoch_00377
3.4565346140880138e-09,0.4358810923892434,7.703057254559997e-10,0.09713824352198437,1.8965587780805926e-11,0.00239162688723223,1.4848403409595257e-10,0.018724355520791398,8.450525001979514e-11,0.01065640729912752,1.3714431926584592,9.893438956964928e-09,0.0005180325824767351,0.0,Harmful,epoch_00378
7.172379552257413e-13,0.0023473283439487537,1.7709200859222785e-11,0.057957486525447285,1.637659105546696e-10,0.5359621040921678,6.872280164643002e-11,0.22491138262400165,4.8368392624453804e-12,0.015829683598226216,2.223804047906599,3.0623836799748005e-10,9.496168058831245e-05,5.684341886080802e-14,Non-Harmful,epoch_00379
4.58942779613114e-13,0.0015974666720417825,1.9126101852458277e-11,0.06657324536434575,1.6569300792523833e-10,0.5767365120637794,4.828110144756287e-11,0.16805461133295946,5.038696348179383e-12,0.017538459791306853,2.146822163272936,2.847900804070491e-10,7.613280467921868e-05,-4.973799150320701e-14,Non-Harmful,epoch_00380
3.41470962617052e-09,0.4314918141699365,9.076035756283574e-10,0.11468720806992701,2.594768410552062e-11,0.003278818556749637,1.2956131480168498e-10,0.016371713231943662,1.16506383533721e-10,0.014722057304099827,1.427128563193113,9.150509683308883e-09,0.000476012792205438,4.547473508864641e-13,Harmful,epoch_00381
8.975085214954492e-13,0.0028101524807575425,2.0861038591002412e-11,0.06531715069401878,1.7355985398870288e-10,0.54342620996356,6.733183975649037e-11,0.21081998888478534,5.223298898439366e-12,0.01635445904483476,2.198236113531359,3.148278304720975e-10,8.631939272163436e-05,4.263256414560601e-14,Non-Harmful,epoch_00382
5.629478003546518e-13,0.001983987865968809,1.6520220033535565e-11,0.05822194539000041,1.6546692488406123e-10,0.5831524183633612,4.996511440268775e-11,0.17609124795269612,4.15333766727935e-12,0.014637541047255533,2.1037778720019444,2.858245307102436e-10,7.616001676069573e-05,1.4210854715202004e-14,Non-Harmful,epoch_00383
6.699623494865747e-13,0.0022403905998284075,1.744679363003057e-11,0.05834302849379733,1.6492208293472643e-10,0.5515084311741406,6.066960979824246e-11,0.20288248077135207,5.282672032019126e-12,0.017665543103402778,2.208672724137909,3.026141837114693e-10,8.390109724132344e-05,4.263256414560601e-14,Non-Harmful,epoch_00384
3.4141836025014527e-09,0.43708481345140177,6.908846134079383e-10,0.08844725636506658,2.2388969150854976e-11,0.0028662425762635804,1.1841789875066677e-10,0.015159895076181729,1.0265454111757499e-10,0.013141865282652276,1.3444790853147417,1.04834594338854e-08,0.000504710478708148,-4.547473508864641e-13,Harmful,epoch_00385
2.024094225561157e-09,0.4077553218319665,4.062708884589039e-10,0.08184357960341111,1.6786245136957145e-11,0.0033816018551570313,1.4302010270528243e-10,0.028811508511104793,1.3768480973397335e-10,0.02773670968251724,1.6333852517860579,5.800289581969764e-09,0.0003319114039186388,6.821210263296962e-13,Harmful,epoch_00386
7.170944610682128e-13,0.0024419665285073493,1.6444401450353002e-11,0.05599914669997692,1.610112806971209e-10,0.5483017643014112,5.785123329818051e-11,0.19700441575937427,6.999027984781747e-12,0.02383422686805201,2.2438902227005624,2.9486435515480025e-10,8.23836016934365e-05,2.842170943040401e-14,Non-Harmful,epoch_00387
1.9966963638040625e-09,0.40821945135279525,4.3115013122208e-10,0.08814753870881221,4.189815161481647e-11,0.008565969656152991,7.435144167011742e-11,0.01520096158638727,8.560822450237593e-11,0.01750238197011922,1.6411929902821252,5.732026409077662e-09,0.00034591235453262925,2.8421709430404007e-13,Harmful,epoch_00388
1.668316595981878e-09,0.3884766318017304,3.760916369999201e-10,0.08757499190646129,4.391077952636824e-11,0.010224864855553599,1.130939170437828e-10,0.02633453630818541,9.562248562411391e-11,0.022266218072297273,1.8582227900191404,5.990091089813632e-09,0.0003592829452827573,9.094947017729282e-13,Harmful,epoch_00389
1.6338524977399516e-09,0.392229622937519,3.696146062825978e-10,0.08873126420834183,2.6218768475749776e-11,0.006294189767653211,8.470698708434865e-11,0.020335121836411625,8.635683401009286e-11,0.02073119115018653,1.8143353327482312,6.326375867615752e-09,0.00033933474333025515,-9.094947017729282e-13,Harmful,epoch_00390
9.021330774419689e-13,0.0029407803636311235,1.6030336129693734e-11,0.052255813351043366,1.6173776901107217e-10,0.5272340268399741,6.857972214202243e-11,0.22355670716609033,6.543339492199457e-12,0.021330028542790036,2.272807241218293,3.051879859938822e-10,8.720253390492871e-05,-2.1316282072803006e-14,Non-Harmful,epoch_00391
9.16024200936505e-13,0.0032576862174802596,1.541743382266203e-11,0.05482951391639214,1.4995399366668494e-10,0.533286192575105,6.161314421984296e-11,0.21911679902714576,3.8150687578682174e-12,0.013567651267882064,2.250023553964583,2.775521479314591e-10,7.820840983185917e-05,-6.394884621840902e-14,Non-Harmful,epoch_00392
2.954320343917516e-09,0.40453172487070993,1.0927929533499636e-09,0.14963489631561788,1.3862851144796906e-10,0.018982244416305458,1.1423015658373892e-10,0.015641405431949786,8.934960844114714e-11,0.012234540270365803,1.658955248943008,8.111381788467042e-09,0.0004933950840495527,-6.821210263296962e-13,Harmful,epoch_00393
4.770266213288687e-13,0.001688792607838782,1.7006805848578804e-11,0.06020831273529411,1.55810538082779e-10,0.5516079672965958,4.997186236858908e-11,0.17691279269260984,4.190598172290616e-12,0.014835757375704377,2.258141199286136,2.8430019449743327e-10,8.002588583622128e-05,0.0,Non-Harmful,epoch_00394
1.4311754906182195e-12,0.004644090719518281,1.9507918717909245e-11,0.06330219100931125,1.7104104244047846e-10,0.555019369086201,6.169789811970479e-11,0.20020650014606792,4.425884138348213e-12,0.01436176596602236,2.175368089868675,3.0818389507025756e-10,7.868041575420648e-05,-4.263256414560601e-14,Non-Harmful,epoch_00395
1.1824074705457654e-12,0.0037623929176150415,1.964173832261218e-11,0.0624995519696217,1.740908736613811e-10,0.5539530884244724,5.558673497624983e-11,0.17687569065463873,7.813435445522265e-12,0.024862168850224183,2.273205054878361,3.0927183036766337e-10,9.022763697430491e-05,0.0,Non-Harmful,epoch_00396
2.2463841897746306e-09,0.4028488439573284,5.353410180430895e-10,0.0960038408493403,4.72911154680844e-11,0.00848081609659194,8.861119130121331e-11,0.015890832983897006,9.243219731280838e-11,0.01657606210077372,1.713853631216947,7.69083907670165e-09,0.00043067062506452203,2.2737367544323206e-13,Harmful,epoch_00397
2.7209736686018005e-09,0.4059788780899204,9.33462349084202e-10,0.13927587818779644,9.409560977613474e-11,0.014039397194803432,1.1406530060764641e-10,0.017018945572331717,5.88053390704335e-11,0.008773964208841354,1.679994451027339,7.506454124950324e-09,0.0004654875083360821,-4.547473508864641e-13,Harmful,epoch_00398
2.0767605413141155e-09,0.4074507486777459,4.33437107386081e-10,0.08503834235863565,3.8317456846348463e-11,0.007517706624757405,1.3196965742423572e-10,0.02589183232758536,1.169862904465413e-10,0.022952165490063525,1.644419089542618,5.894343235723909e-09,0.00035690428921952844,-2.8421709430404007e-13,Harmful,epoch_00399
2.187300118805524e-09,0.41582706833580024,4.807604418732847e-10,0.09139724512298006,2.7167612777490024e-11,0.005164827943736942,9.020194270334403e-11,0.0171482683469192,9.049684959738791e-11,0.01720433302141355,1.564755991149429,6.019495124576224e-09,0.0003599096671678126,6.252776074688882e-13,Harmful,epoch_00400
3.1498015307107607e-09,0.4287790388747283,7.70979571851349e-10,0.10495260624750372,4.547737360305337e-11,0.006190785150727893,1.0461035596792678e-10,0.014240493393293023,1.134219142218118e-10,0.015440001185213149,1.4094888643327146,8.797376160885051e-09,0.0005137325497344136,9.094947017729282e-13,Harmful,epoch_00401
6.640109469213673e-13,0.0022513388175593695,1.686932836258634e-11,0.057195704295133126,1.5978887657475127e-10,0.5417665207401183,5.948881225950262e-11,0.20169768717108208,5.79167145015394e-12,0.019636746675241214,2.2510913254489573,2.8911323335378825e-10,8.09701086836867e-05,0.0,Non-Harmful,epoch_00402
2.460886583486449e-13,0.0007959384240753429,1.8616639859466572e-11,0.060212848047345335,1.776954486332194e-10,0.5747304093555944,5.2583618178041885e-11,0.17007416134357042,3.959373004154901e-12,0.012806023367353862,2.1725405764788017,3.058173436709666e-10,9.01876192074269e-05,0.0,Non-Harmful,epoch_00403
2.2094792662130658e-09,0.41452124192753315,4.5810056789608034e-10,0.08594442103883478,3.240521913305816e-11,0.006079555434340873,1.1836956935462606e-10,0.02220735973657932,1.2972847102110663e-10,0.024338407580170265,1.5662415736394015,6.181336331678722e-09,0.0003612404689192772,-1.1368683772161603e-13,Harmful,epoch_00404
2.0500747766050154e-09,0.41596859234331873,4.3823853573821125e-10,0.08892039885662331,3.26073040096686e-11,0.006616155909919661,1.042694567840452e-10,0.021156701042236353,7.279796990916632e-11,0.014771007094050749,1.5556047476671613,5.6915063773033125e-09,0.0003646521072369069,1.1368683772161603e-13,Harmful,epoch_00405
1.922974668389088e-09,0.40887597902570116,4.1334629469202966e-10,0.08788850612391595,2.2684710880571668e-11,0.004823377823265219,8.471423952952084e-11,0.01801251893456671,1.201488327232103e-10,0.02554686362543276,1.6446005666467214,7.007204150255575e-09,0.00039898278191685677,0.0,Harmful,epoch_00406
2.798823395266936e-09,0.41883016625680997,8.848471608202679e-10,0.13241302902674687,5.747150845503146e-11,0.008600328796006347,9.80916363760298e-11,0.01467893131136871,9.14025417853015e-11,0.013677941179486857,1.573278252124346,7.764450415947977e-09,0.0004606364236678928,9.094947017729282e-13,Harmful,epoch_00407
3.742942844553454e-09,0.4434604732918232,9.145308260682938e-10,0.10835278277314761,2.7885109152303578e-11,0.0033038024399621832,1.244044676301792e-10,0.01473932848725569,1.0985265475049744e-10,0.013015242896082947,1.2877035016407483,1.0047245702082819e-08,0.0004828306846320629,4.547473508864641e-13,Harmful,epoch_00408
1.7116786876769652e-09,0.3866866043953006,5.811888331708204e-10,0.13129680122166995,4.4825233802558984e-11,0.010126501880946593,1.2475449145954443e-10,0.02818337987897994,1.080309374942856e-10,0.02440534937430386,1.8633482779841624,5.475708775293242e-09,0.0003535257128532976,0.0,Harmful,epoch_00409
1.4285870663516276e-12,0.004704495975640921,1.8643669073836744e-11,0.06139567422589114,1.741468080851405e-10,0.5734847928446821,4.723056678829912e-11,0.1555355054069224,6.993039177241589e-12,0.023028855182659742,2.2309901217143655,3.0406357987011745e-10,8.074889046838507e-05,-8.526512829121202e-14,Non-Harmful,epoch_00410
3.494291300754071e-09,0.43355456555175675,6.82167289670077e-10,0.08463997916908218,3.842296272815737e-11,0.004767333195495952,1.1131279578635578e-10,0.013811147000563552,8.234963579101251e-11,0.010217539837337853,1.3766013896613778,1.099316015995555e-08,0.000508429657202214,9.094947017729282e-13,Harmful,epoch_00411
2.7964249297261767e-13,0.0008967969596297242,1.846629105054301e-11,0.05922030480319794,1.7838390486968336e-10,0.5720666477883048,5.133048158615164e-11,0.16461382293319005,4.4430639993976034e-12,0.014248643844303785,2.198515885591255,3.054925756806881e-10,9.329333261121064e-05,3.197442310920451e-14,Non-Harmful,epoch_00412
5.390319809429889e-13,0.001668636722174705,2.295436074290641e-11,0.0710579160862631,1.8721605515858997e-10,0.5795492580455056,5.5497174835262425e-11,0.1717980141828787,6.386340837671173e-12,0.01976966714186329,2.1459650480013366,3.216150123996897e-10,8.629016519989818e-05,1.4210854715202004e-14,Non-Harmful,epoch_00413
4.38768921369459e-13,0.0014062117177361473,1.796187731970683e-11,0.05756606981341458,1.7598343615699008e-10,0.5640097964984446,6.034588985199402e-11,0.193402707653568,4.453937706930949e-12,0.014274437154766822,2.151845611815581,3.1041069714632386e-10,8.73672979651019e-05,-7.105427357601002e-15,Non-Harmful,epoch_00414
2.902943441185357e-09,0.4195537029739602,6.411127566330332e-10,0.09265810254966576,3.269009195283612e-11,0.00472460087743608,1.4582150244246694e-10,0.021075144095119475,8.186293570106029e-11,0.011831404402310577,1.5231739646667988,9.074771156747374e-09,0.00045963667798787355,9.094947017729282e-13,Harmful,epoch_00415
2.913348451372144e-09,0.42752083881147385,6.934999866037295e-10,0.10176801743331866,4.7877734762891144e-11,0.007025843172513062,1.1498439613649714e-10,0.016873445215025085,1.3423198663709002e-10,0.019697942927283846,1.435681686200374,9.604969264387364e-09,0.0005139769054949284,9.094947017729282e-13,Harmful,epoch_00416
5.936792940933189e-13,0.0019139563471186557,1.781510014378998e-11,0.05743391142996751,1.761068929573284e-10,0.567749134761036,5.986333060118906e-11,0.1929927533329104,4.9317324312889155e-12,0.015899359608914757,2.1484418118985653,3.0960495278620215e-10,8.968548354459926e-05,2.842170943040401e-14,Non-Harmful,epoch_00417
6.268058988512237e-13,0.002085488851786617,1.9318019406355802e-11,0.0642743059444548,1.711357583422668e-10,0.5693975069777681,5.396301011291807e-11,0.17954402823201732,5.407806255748604e-12,0.01799268271031783,2.14808598730819,3.0214347690460386e-10,8.620007429271936e-05,-1.4210854715202004e-14,Non-Harmful,epoch_00418
7.067139842081849e-13,0.0023923347429261463,1.6956897691544626e-11,0.057401687791954335,1.59294327728432e-10,0.539235621611148,6.170351976217923e-11,0.20887583575027524,5.893639255013378e-12,0.019950868763180443,2.231804221542469,2.912467211846348e-10,8.873648039298132e-05,2.1316282072803006e-14,Non-Harmful,epoch_00419
2.1483124168497625e-09,0.4124659920069342,4.764931643697068e-10,0.0914844713388903,3.1464281700921415e-11,0.006040995742875587,1.223031034086608e-10,0.023481627009796197,8.34174829905665e-11,0.01601576875065455,1.606409747482359,6.007122799189801e-09,0.0003124534559901804,2.2737367544323206e-13,Harmful,epoch_00420
1.0192875189718453e-12,0.003346296730006386,1.8083039677197627e-11,0.05936619002400792,1.73188539898117e-10,0.5685738655175836,5.1730799006423356e-11,0.16983098520663198,4.41900517371939e-12,0.014507489091610223,2.183407634592279,3.0441826837090957e-10,8.74358374858275e-05,1.4210854715202004e-14,Non-Harmful,epoch_00421
6.157209074195147e-13,0.0019714429112554148,1.8275792825709486e-11,0.05851625595242148,1.7488486353522958e-10,0.55995422657865,6.015330188168314e-11,0.19260154910161598,5.089717005062749e-12,0.016296484964234748,2.1885978629637024,3.145244620306187e-10,8.288994285976514e-05,-2.842170943040401e-14,Non-Harmful,epoch_00422
4.009972354168667e-09,0.44967375894993217,8.793765750303439e-10,0.09861229332799015,3.148236012162631e-11,0.00353039621377691,1.4103471168702697e-10,0.015815472862498892,1.0293083746448772e-10,0.011542547555571964,1.2062321561849239,1.11901519161961e-08,0.0005232471157796681,0.0,Harmful,epoch_00423
9.389093235528945e-13,0.0030799677230988766,1.939716237023964e-11,0.06362982294602865,1.7049699846394262e-10,0.5592928294364717,6.095888214780604e-11,0.19996754185054563,4.4748206876055185e-12,0.014679056793607054,2.1645411249737885,3.021648486978279e-10,9.103160118684173e-05,-7.105427357601002e-14,Non-Harmful,epoch_00424
3.632773877722262e-13,0.001270032296110869,1.6891533202549602e-11,0.05905347654481013,1.6246760187188514e-10,0.5679932426136878,5.088923759385272e-11,0.17791081262997782,4.51882785747551e-12,0.015798003158836168,2.172212121953345,2.852917069251504e-10,8.343695662915707e-05,1.4210854715202004e-14,Non-Harmful,epoch_00425
4.5839639592829e-13,0.0014294204256927953,1.947420621029733e-11,0.060726542307953026,1.7130893925632051e-10,0.5341937655963986,6.400391794249977e-11,0.19958382841580397,8.407868856436657e-12,0.02621831145857656,2.2963716916273453,3.1599309280316845e-10,8.521758718416095e-05,-5.684341886080802e-14,Non-Harmful,epoch_00426
2.6504997198764646e-13,0.0008553509551988255,2.0894814361811093e-11,0.06743030112038743,1.7960813392114972e-10,0.5796189592432567,5.4981658874179995e-11,0.17743301040091325,4.076762961501695e-12,0.013156247733548879,2.1122039747415577,3.109605906104207e-10,8.401452942052856e-05,-7.105427357601002e-14,Non-Harmful,epoch_00427
1.12477388514165e-12,0.003805066833152241,1.8597660846227104e-11,0.06291517201368954,1.6393180563012422e-10,0.5545749992438613,5.476042574037096e-11,0.1852524160691558,8.758567872704792e-12,0.02962989855880652,2.2345750302620067,2.899890327867638e-10,7.598547381348908e-05,4.263256414560601e-14,Non-Harmful,epoch_00428
6.304587386006533e-13,0.0021179908210095253,1.753689738998726e-11,0.05891422455880355,1.6942919289775205e-10,0.56918788399219,5.414280297971058e-11,0.18188971412987462,5.73554094843165e-12,0.01926822857474453,2.171751541092553,3.0300392750426397e-10,8.991325739771128e-05,1.4210854715202004e-14,Non-Harmful,epoch_00429
2.09152650754163e-09,0.41752558226709074,4.454939559611626e-10,0.08893271143753449,3.1521046189864066e-11,0.006292458219695263,8.706597422192264e-11,0.017380736725822347,9.330382820527117e-11,0.01862598205601707,1.5425190357501186,5.9179887657023755e-09,0.0003250848385505378,-6.821210263296962e-13,Harmful,epoch_00430
1.8653267819246366e-09,0.39683872688522126,6.523669243696517e-10,0.1387877246161469,3.813124555690495e-11,0.008112227352323123,9.148304249556594e-11,0.019462549118642175,9.87391574752694e-11,0.021006250446785463,1.7806408181523234,5.619045673199707e-09,0.0003515147836878896,-4.547473508864641e-13,Harmful,epoch_00431
5.624512357596534e-13,0.001739221303755728,2.131203362659012e-11,0.06590143385437093,1.86478568697801e-10,0.5766322104974148,5.566834959582628e-11,0.17213862003737435,5.481041673045112e-12,0.016948570539911705,2.1486912412973647,3.1678198952889147e-10,8.392947347601876e-05,4.263256414560601e-14,Non-Harmful,epoch_00432
3.729092230321529e-13,0.0012358607047830434,1.926830564677115e-11,0.06385720793647545,1.7374951477577838e-10,0.5758243146697148,5.384879310033411e-11,0.17846060993497384,4.358725186337509e-12,0.014445277424200952,2.120308653448516,3.019839101003896e-10,8.151000656653196e-05,1.7763568394002505e-14,Non-Harmful,epoch_00433
3.3743732634483603e-13,0.0011597657409392328,1.850827363548621e-11,0.06361258820676471,1.6556695597857995e-10,0.5690505121514684,5.2899738951263375e-11,0.18181540733762055,6.5061189942483555e-12,0.022361408554702217,2.163658884370136,2.909858465294235e-10,8.898833766579628e-05,-2.842170943040401e-14,Non-Harmful,epoch_00434
8.071375599133512e-13,0.0028032088039754285,1.6619829264988978e-11,0.05772108006123149,1.657900691731662e-10,0.5757930303327805,4.6686394333805836e-11,0.16214300773766813,5.15399284665638e-12,0.017899945239724133,2.1820053056014475,2.959227307641754e-10,8.505556616000831e-05,-5.684341886080802e-14,Non-Harmful,epoch_00435
1.1375767949156623e-12,0.004093475637591523,1.718966223702989e-11,0.061855572212973636,1.5029431171820207e-10,0.5408216010002718,5.2952977940001755e-11,0.19054689415617765,6.08414620767439e-12,0.021893294930041534,2.280015033489956,2.8321756051497005e-10,8.799486386124045e-05,-2.1316282072803006e-14,Non-Harmful,epoch_00436
6.752214347545415e-13,0.002242823571611929,1.71724877156762e-11,0.05704034002702521,1.7327066864636365e-10,0.575537919720062,5.378492426823603e-11,0.178652645987185,5.068679146107841e-12,0.016836185110090697,2.133679405911963,3.030766193568013e-10,8.679450547788292e-05,3.197442310920451e-14,Non-Harmful,epoch_00437
1.1556467588436092e-12,0.0036963136936870498,1.879913325703031e-11,0.060128662288588076,1.7301134830338682e-10,0.5533734344022082,5.883596377025818e-11,0.1881856864141571,6.1395611901729485e-12,0.0196372671205985,2.249338905098689,3.0922847615855176e-10,7.728087803116068e-05,1.1368683772161603e-13,Non-Harmful,epoch_00438
1.7947340280599633e-09,0.3670966317350706,5.8967097871232e-10,0.12061187158255791,1.5490116134220244e-10,0.03168363316877691,1.2353243514923173e-10,0.02526744361242974,1.216087577859959e-10,0.02487397278636409,1.9930161667980104,5.790693258234114e-09,0.0003472149546723813,-4.547473508864641e-13,Harmful,epoch_00439
8.444376383039132e-13,0.002794119156671791,1.9195063724261607e-11,0.06351362472807318,1.786189460228904e-10,0.5910236543097607,4.836202543035545e-11,0.16002278389889987,4.4056710048808595e-12,0.014577713254771705,2.128132143872041,2.9900421028017377e-10,8.298963075503707e-05,-1.4210854715202004e-14,Non-Harmful,epoch_00440
1.9887491653491907e-09,0.4167793113050871,3.955422864243552e-10,0.08289322987549147,2.8448349578824583e-11,0.005961879834728701,1.0036167600105395e-10,0.021032652550629305,7.511586838648832e-11,0.015741924843853918,1.5353302652537297,5.665772739860131e-09,0.00033973201061598957,-5.684341886080801e-13,Harmful,epoch_00441
2.828472123184156e-09,0.42706508990100484,6.80302454994508e-10,0.10271744477192708,2.6110554690594867e-11,0.0039423780403926535,8.725833423872675e-11,0.013174953378830782,1.0001293283129487e-10,0.015100743543046477,1.4890038707721405,9.386273980283022e-09,0.0004845408257097006,9.094947017729282e-13,Harmful,epoch_00442
8.848378843864801e-13,0.0031471581387986372,1.6356589693788948e-11,0.05817650361285134,1.5826383259476273e-10,0.5629068529015653,5.3653007546766024e-11,0.1908310011939735,5.248893279654471e-12,0.01866906638632893,2.2037578050309605,2.884173455619532e-10,8.090148912742734e-05,0.0,Non-Harmful,epoch_00443
2.7853923594695074e-13,0.0009806974196201596,1.6595946513743576e-11,0.058431990261085816,1.6016935694418422e-10,0.5639337471554565,5.086072231777483e-11,0.17907343993202796,5.333984556127325e-12,0.018780208370658868,2.210869859704884,2.836459678245973e-10,8.137804979924113e-05,5.684341886080802e-14,Non-Harmful,epoch_00444
3.17561621443474e-09,0.4289192430065264,6.610243255544823e-10,0.08928221616861719,3.7685823212063596e-11,0.0050900907643442435,9.23809414382637e-11,0.012477566807292355,1.3151303310254825e-10,0.017762999932873804,1.4406197408244348,9.472811868249664e-09,0.00045700682676397264,0.0,Harmful,epoch_00445
2.4193491719552707e-13,0.0008295144200402491,1.5835011185866103e-11,0.05429299033160571,1.573841681978827e-10,0.5396180035504083,5.912772311697512e-11,0.20272931050311757,5.488655374381174e-12,0.01881877503444869,2.2470406725405785,2.888998207328797e-10,8.335577149409801e-05,4.263256414560601e-14,Non-Harmful,epoch_00446
2.0394745892104993e-09,0.37754711031713206,7.698596760086218e-10,0.14251626255331545,1.6271108072007934e-10,0.030121041305164853,1.248729609298893e-10,0.023116456466405054,6.079452956678222e-11,0.011254270625609181,1.8533761874365808,6.14209660909637e-09,0.00038325454806908965,0.0,Harmful,epoch_00447
3.7624970413568937e-13,0.0012560934578340313,1.754029088857703e-11,0.05855750686704021,1.6317872747473317e-10,0.5447651646917331,6.410602203157229e-11,0.21401519787662782,7.192267723228618e-12,0.02401107651337922,2.2071091539942147,3.0097491166003465e-10,8.97898426046595e-05,-5.684341886080802e-14,Non-Harmful,epoch_00448
1.8040653415596353e-09,0.38770684944866,6.350341016925221e-10,0.13647347753314681,1.006953583015946e-10,0.02164016968890076,1.4286966054655181e-10,0.030703735999061153,8.254577923971773e-11,0.01773969227558472,1.8565559677598622,5.578854711529857e-09,0.0003524984931573272,0.0,Harmful,epoch_00449
3.593374042765163e-09,0.44194495627411606,8.306394565227304e-10,0.10215939502084405,3.438544241007868e-11,0.00422902616358146,1.3296563503018e-10,0.016353291101906402,1.1249919312089629e-10,0.013836146861691207,1.286488793898711,9.929649102957683e-09,0.00047809971147216856,0.0,Harmful,epoch_00450
2.9831881409592143e-09,0.4223796702662593,9.432837635992009e-10,0.13355640549993514,3.812253464297033e-11,0.005397642673329466,1.044900051899722e-10,0.014794391722162447,1.1746576801530129e-10,0.016631586751321224,1.5312416393706405,8.630635761619487e-09,0.00048597267596051097,0.0,Harmful,epoch_00451
1.940236193931355e-09,0.406374084515729,4.978435302893658e-10,0.10427117558480992,2.8832958590130353e-11,0.006038938551704334,1.0206732074108382e-10,0.021377559162572078,6.832830915654009e-11,0.014311069016672031,1.6823273076123084,6.472275160263052e-09,0.0003872049564961344,0.0,Harmful,epoch_00452
2.0993060623197835e-09,0.4138220016169662,4.2819832228591093e-10,0.08440783837949506,3.231844999951328e-11,0.006370717404196766,1.0496028221909648e-10,0.02069011034541176,9.29583172590287e-11,0.018324244189800488,1.5635649891401047,5.946710235349428e-09,0.0003265512641519308,-6.252776074688882e-13,Harmful,epoch_00453
2.3097936896476767e-09,0.40208939380070075,4.993650978835085e-10,0.08692958613279216,1.8296812849538657e-11,0.0031851132073523244,1.252249042307807e-10,0.021799178886225883,5.3608696041346215e-11,0.009332213604323632,1.6907700515833248,8.042184695966625e-09,0.00043657422065734863,-9.094947017729282e-13,Harmful,epoch_00454
7.311202424725716e-13,0.0023106833371076482,1.9413286950209496e-11,0.061355104220112346,1.8261139128616932e-10,0.5771377599722609,5.508810031404354e-11,0.17410426913921812,5.310112321642996e-12,0.016782448832622487,2.1447559575802746,3.1710267744955445e-10,8.859996887622401e-05,0.0,Non-Harmful,epoch_00455
2.063264670226772e-09,0.4056956253132574,4.3663763230061825e-10,0.08585518854061022,2.512233823748211e-11,0.004939755363264309,1.0063375436783484e-10,0.019787414816438587,1.2532320493863214e-10,0.02464205233943726,1.6556297436835363,5.919932100084679e-09,0.00032931502209976315,-1.0800249583553523e-12,Harmful,epoch_00456
2.0287012070241417e-09,0.38906643584601,6.298668947524177e-10,0.120796530780494,6.178057024297523e-11,0.01184834227225971,1.2634651051085521e-10,0.02423086571636959,9.023649796130462e-11,0.017305649803664138,1.7886176470237272,6.5415255434686514e-09,0.00036649900721386075,-4.547473508864641e-13,Harmful,epoch_00457
2.4245359053765014e-09,0.40495743383830896,7.878406815819972e-10,0.13158887025734783,2.6200714341173548e-11,0.004376167010273492,1.230003373459132e-10,0.020544097063026352,1.084167937717706e-10,0.01810828476222363,1.7114342465248722,7.049850925255896e-09,0.00042211622348986566,1.3642420526593924e-12,Harmful,epoch_00458
1.9317263344476032e-09,0.38571286489124107,5.621206694561565e-10,0.11224010873803071,1.168415086905128e-10,0.023330050562322523,1.6123102592607852e-10,0.03219342192023553,9.855397227476193e-11,0.019678530190654943,1.8430535769510934,6.0085114661490024e-09,0.00030285140383057296,0.0,Harmful,epoch_00459
2.1840618202872975e-09,0.4121180970039102,4.73599137337799e-10,0.08936504150632188,4.206944341500485e-11,0.007938227206373145,1.3869280029998876e-10,0.026170418985784948,1.0122113477256667e-10,0.019099762218982973,1.5969103829582212,6.073660685501636e-09,0.0003410981735214591,5.968558980384842e-13,Harmful,epoch_00460
1.1234031283349766e-12,0.0036752057793747288,2.100536021162891e-11,0.0687188946696678,1.7175435379490622e-10,0.5618932133786886,4.99722126201009e-11,0.16348375751965538,7.257661323051973e-12,0.02374339021002937,2.2485487829570237,3.0757260627289895e-10,8.901643741410226e-05,-7.105427357601002e-15,Non-Harmful,epoch_00461
1.2016470717773897e-12,0.004240384348479973,1.6377726215141553e-11,0.057793886023168296,1.5439433065367325e-10,0.5448282765999718,5.321435794184565e-11,0.18778336487538644,5.455907752492661e-12,0.019252862494975823,2.275434706945786,2.8468466473086096e-10,7.604142592754215e-05,-8.526512829121202e-14,Non-Harmful,epoch_00462
6.673062710044197e-13,0.002315466213692385,1.7380404353142115e-11,0.06030774894328256,1.6357840776359822e-10,0.5675958595385344,5.239039933759189e-11,0.1817878908967161,3.950833800739351e-12,0.013708880882771217,2.1630928419562405,2.8864441392606466e-10,7.98799010226503e-05,0.0,Non-Harmful,epoch_00463
3.5569927003820112e-09,0.44007160592767874,8.591779163125146e-10,0.10629760510012805,3.3373421214066834e-11,0.004128964073330244,1.2256908162033842e-10,0.015164262940418782,1.0796676226665358e-10,0.013357662064472434,1.2963749233176962,9.719495430715597e-09,0.0005242236657068133,-4.547473508864641e-13,Harmful,epoch_00464
3.12060463190586e-13,0.0010271148916473935,1.7239156770935266e-11,0.05674090994365275,1.7321959144833698e-10,0.5701344543381157,5.7771098722989717e-11,0.19014762459342688,4.27770145694506e-12,0.014079614006618472,2.1289842978340614,3.0795316297016484e-10,8.365728717762977e-05,-1.0658141036401503e-14,Non-Harmful,epoch_00465
8.916784411533429e-13,0.0029292637059871716,1.7141590664265793e-11,0.056312048243282876,1.679869160442493e-10,0.5518558636593865,6.467725394967636e-11,0.2124720345965181,3.977823224889793e-12,0.013067595518437227,2.159196175672652,3.116043534312496e-10,8.849263394949958e-05,4.263256414560601e-14,Non-Harmful,epoch_00466
2.628628648082554e-09,0.4170080154966874,7.912815819244301e-10,0.12552962261066522,1.386369144484867e-10,0.021993484934023977,1.1257238630851818e-10,0.017858584721917457,1.0613683456422995e-10,0.01683764299876098,1.5521963451431338,7.408581303991468e-09,0.0004860981134697795,6.821210263296962e-13,Harmful,epoch_00467
2.076181893073681e-09,0.4195495973984946,4.3101847178178554e-10,0.0870991250384366,2.3606236757012233e-11,0.004770288750007198,9.011475333303709e-11,0.018210161935555722,9.477948981206907e-11,0.01915280011108213,1.5183756328400362,5.783704182249494e-09,0.00035497284261509776,1.2789769243681803e-13,Harmful,epoch_00468
7.543533939863289e-13,0.0024354872601717596,1.9394808242062522e-11,0.06261761233339605,1.757160042470396e-10,0.5673124733892395,5.626495759103803e-11,0.18165569148292438,4.9112677900226e-12,0.0158564012957947,2.1810527782318645,3.079717314502517e-10,8.480410906486213e-05,-2.842170943040401e-14,Non-Harmful,epoch_00469
3.03483993491227e-09,0.41285627508930745,9.281719420828338e-10,0.12626748654597647,8.237671482447251e-11,0.01120643736273656,1.3912747603289644e-10,0.018926748279783315,6.005740349479538e-11,0.008170142884031062,1.5737206663965364,8.489572600467454e-09,0.0004673726507462561,0.0,Harmful,epoch_00470
2.059648895880173e-09,0.40790644482250743,4.142729249922983e-10,0.08204534100828656,3.138004439628972e-11,0.0062147108537122615,1.145910545272133e-10,0.022694367838205116,1.1944070819197572e-10,0.023654825219543558,1.6281798892995054,5.9174705135944805e-09,0.00036845769500359893,7.389644451905042e-13,Harmful,epoch_00471
7.203664748045568e-13,0.0023961881374186776,1.8427134330142175e-11,0.06129502445333376,1.6887959780609307e-10,0.5617519735698252,5.643562987810505e-11,0.18772443134358227,4.161923057707448e-12,0.013843996088842936,2.1810627557477753,3.0071406476039897e-10,8.153702219715342e-05,0.0,Non-Harmful,epoch_00472
1.8242203303486804e-09,0.37967052488335135,6.498811488953038e-10,0.13525817731990386,8.421876737663148e-11,0.017528246496848757,1.0446267462160819e-10,0.021741561501358704,1.1909783576014021e-10,0.024787541868300896,1.9057506194381475,5.82186343578428e-09,0.00033017704845406115,0.0,Harmful,epoch_00473
9.887099819416711e-13,0.0032531784644860037,1.8898670660089795e-11,0.06218279325761339,1.6810752789808703e-10,0.5531286216025076,5.4411839942557216e-11,0.17903270842534008,5.702581961329611e-12,0.01876335545043409,2.246919351322205,3.0134095219125356e-10,8.629426883999258e-05,-5.684341886080802e-14,Non-Harmful,epoch_00474
3.3702023376908086e-13,0.0011097949919836158,1.722116985689373e-11,0.05670866656740551,1.6247095335764072e-10,0.5350107569584607,6.45422430778364e-11,0.21253518620561662,6.105602568667878e-12,0.020105520306512702,2.236009145369543,2.9865748762958333e-10,9.109907841775566e-05,-5.684341886080802e-14,Non-Harmful,epoch_00475
6.764337896238148e-13,0.0022701582888494365,1.6585272543355456e-11,0.05566131455092497,1.6484166809327405e-10,0.5532199675859287,5.789284627860311e-11,0.19429237105016148,7.0547422070799115e-12,0.023676199714986242,2.2176221568046346,3.036846607518129e-10,8.047626761253923e-05,-1.4210854715202004e-14,Non-Harmful,epoch_00476
3.1391580446182843e-09,0.425938021449778,8.382719657307192e-10,0.11374129541909556,2.2427832160887284e-11,0.003043130138794155,1.382233763211338e-10,0.018754898795001848,1.1261674232043717e-10,0.0152804515492049,1.5076555335961157,8.694996722624637e-09,0.00048090744530782104,0.0,Harmful,epoch_00477
6.404094919296166e-13,0.002008180605849862,1.875866259201664e-11,0.05882296075197661,1.7831324611305988e-10,0.559150367261788,6.077184247369263e-11,0.19056687475026557,6.5418847639345246e-12,0.020513884122882197,2.191846027819069,3.1645036591143594e-10,8.63671739352867e-05,3.552713678800501e-14,Non-Harmful,epoch_00478
2.4171553647533983e-09,0.41436281200872593,5.822893070495105e-10,0.09981941508185316,2.704194680680505e-11,0.004635687587339383,1.3793877585294156e-10,0.02364626613618501,1.1413491853018431e-10,0.019565670655754038,1.613523195183716,8.438364673679644e-09,0.0004342503088992089,1.8189894035458565e-12,Harmful,epoch_00479
6.122108570962015e-13,0.0021817674678242835,1.624064034297379e-11,0.05787760923581091,1.4538172748990164e-10,0.5181043749502147,5.864543860300067e-11,0.2089977800903445,4.938978669403668e-12,0.017601293509059278,2.361550778502848,2.794770248559786e-10,7.87159224273637e-05,2.842170943040401e-14,Non-Harmful,epoch_00480
6.710501295262294e-13,0.00232064322044302,1.6470562110362796e-11,0.05695893140693463,1.59301259683442e-10,0.550899809159433,6.001289851349789e-11,0.20753818522143697,5.680272441646594e-12,0.019643667666502173,2.1941111638461246,2.863940473663007e-10,8.076024823822081e-05,-9.237055564881302e-14,Non-Harmful,epoch_00481
1.4831122996383783e-09,0.3867686718970422,3.2563034560451065e-10,0.08491846256654996,2.314881619724929e-11,0.006036789593601159,7.409217076675967e-11,0.019321888499215945,9.871400225014426e-11,0.02574281364751617,1.8662291315894524,6.3302607600235206e-09,0.0003696695202961564,9.094947017729282e-13,Harmful,epoch_00482
2.0784642895677052e-09,0.4090809480099971,4.4418612711594196e-10,0.08742420203489358,5.7418743371062675e-11,0.011301090949540663,1.0564496586568106e-10,0.02079292052585867,9.316671219228301e-11,0.018336965007236503,1.6182841700249595,5.955900661547275e-09,0.0003232041490264237,-5.684341886080802e-14,Harmful,epoch_00483
2.1181640885714614e-09,0.4135740822307671,4.271747669135073e-10,0.08340638628121813,3.262473277643174e-11,0.006370018257243045,1.1297949728539258e-10,0.022059382534528927,8.085032122961966e-11,0.015786122322163313,1.5747309188793115,6.062355062397273e-09,0.0003398287808522582,5.400124791776761e-13,Harmful,epoch_00484
3.77023257058795e-09,0.44382434295264056,8.608687443456553e-10,0.10133977086938498,3.268606045547795e-11,0.0038477385768009823,9.164371171654917e-11,0.010788117013162339,7.570802838807733e-11,0.008912199798416773,1.2923112145015052,1.0022374041795956e-08,0.0004733616951853037,0.0,Harmful,epoch_00485
4.880133840437506e-13,0.0016755728103659579,1.710401080750462e-11,0.05872588005637759,1.5560395333347188e-10,0.5342594320479633,5.924634882085306e-11,0.20341977175933124,4.958418549881605e-12,0.017024515261759673,2.2841200954900933,2.908249752131553e-10,7.99434055807069e-05,-1.4210854715202004e-14,Non-Harmful,epoch_00486
1.809253566192534e-13,0.0005950604931647423,1.842231261203059e-11,0.06059068022853021,1.732501433981959e-10,0.569816844348405,5.2646941981707857e-11,0.17315491783265516,4.5631673895214775e-12,0.015008181760372231,2.1731038880351385,3.014186400474017e-10,8.132896618917584e-05,3.552713678800501e-15,Non-Harmful,epoch_00487
7.369291808723144e-13,0.002430441371944443,1.956343713329506e-11,0.064521514713139,1.7955285175341729e-10,0.5921772277161667,4.4407272509813106e-11,0.14645813346040032,5.097852532904429e-12,0.016813056160127113,2.1478080438147398,3.036207674167457e-10,8.208447979995981e-05,-4.263256414560601e-14,Non-Harmful,epoch_00488
2.314659575120004e-09,0.4083664886143385,6.190475076994773e-10,0.10921617145000116,2.968414576642875e-11,0.005237059697439189,1.2951273820754894e-10,0.02284943440544721,8.688872277923254e-11,0.015329443259361492,1.6737381679846235,7.3157480073859915e-09,0.0003780362312681973,-6.821210263296962e-13,Harmful,epoch_00489
3.893898549954533e-13,0.0013547504049046205,1.6611917679106025e-11,0.05779555351351896,1.6065695301881178e-10,0.5589515734957173,5.7487640624416525e-11,0.2000088174198811,4.283606943548263e-12,0.014903362701352386,2.1717998975685857,2.8791324879762215e-10,7.956285844556987e-05,4.263256414560601e-14,Non-Harmful,epoch_00490
5.324643720730493e-13,0.0016884081184028045,2.0972772780611382e-11,0.06650322854529617,1.817599681874782e-10,0.5763484319027298,5.501683657260781e-11,0.17445462718261937,5.8988479790904325e-12,0.018704843628023785,2.147384026784569,3.1367766717416146e-10,8.647479262435809e-05,2.842170943040401e-14,Non-Harmful,epoch_00491
7.22832655276201e-13,0.0025781604112476613,1.7683045240753092e-11,0.06307092915246162,1.5833484523497532e-10,0.5647401604315414,4.786618508240831e-11,0.17072651950092604,6.4515130976210144e-12,0.023010907904508868,2.223881967901042,2.8033991794629287e-10,8.459245145786554e-05,-2.842170943040401e-14,Non-Harmful,epoch_00492
2.1262844818181748e-09,0.410175851697202,4.6457473111549685e-10,0.08961986866844504,2.8759692544122473e-11,0.005547955358140955,1.1568483497537141e-10,0.02231645206472937,7.956822527244167e-11,0.015349293496818872,1.6252472634443436,6.003347152727656e-09,0.0003506685607135296,4.547473508864641e-13,Harmful,epoch_00493
4.715596945044365e-13,0.0016658281786583933,1.7533271655292143e-11,0.06193790166513766,1.6041126066346223e-10,0.566667595431649,5.031264462126636e-11,0.17773406448786863,6.467813155712487e-12,0.022848147402432337,2.1864745854483942,2.859358305684623e-10,7.709689089097083e-05,-1.4210854715202004e-14,Non-Harmful,epoch_00494
1.991263154366152e-09,0.40693071187606616,4.1074127345858136e-10,0.08393829737616303,2.4384461463911045e-11,0.0049831616883316415,1.4194549962515124e-10,0.029007709545277635,6.325966746961731e-11,0.01292762408625431,1.6405781396821146,5.724850371535695e-09,0.0003371328057255596,2.4158453015843406e-13,Harmful,epoch_00495
3.2306367867343533e-13,0.0010430011342592678,1.86205950289918e-11,0.060116017422845905,1.6836792376961895e-10,0.5435706551280296,6.387094303970942e-11,0.20620537198787176,4.682238700492308e-12,0.01511646340293989,2.2225251831682,3.016333294247886e-10,8.668554073665291e-05,2.842170943040401e-14,Non-Harmful,epoch_00496
3.349712285327655e-09,0.4368749502383537,6.878907703872228e-10,0.08971583840160914,1.8582911251452394e-11,0.0024236136529761387,1.1435587025931948e-10,0.014914479475695337,6.883394331955173e-11,0.008977435373825641,1.3467870362773946,1.0422828822242991e-08,0.0005033594206906855,0.0,Harmful,epoch_00497
6.649105094638785e-13,0.002277998517036082,1.7949405091595427e-11,0.061495069785110046,1.680471178877596e-10,0.5757332451387586,5.089890824355042e-11,0.17438081643656494,5.7268590369051464e-12,0.019620349216413348,2.1491668839185447,2.9274518920097137e-10,8.374042226932943e-05,-4.263256414560601e-14,Non-Harmful,epoch_00498
1.088219033114346e-12,0.0035589467898629657,1.9795812992301487e-11,0.0647408682974911,1.6979072314793342e-10,0.5552890830869653,5.849396113961555e-11,0.19130054602006707,5.657181645878084e-12,0.018501430176836406,2.2336881169329255,3.025522055111196e-10,9.005852916743606e-05,0.0,Non-Harmful,epoch_00499
6.965710560441485e-13,0.002256472803704978,1.8706480591976216e-11,0.060597787322007275,1.750727895988291e-10,0.5671309265159642,5.461124629770053e-11,0.17690771239766412,5.971287320941793e-12,0.019343392645874636,2.191290624293208,3.1304617231775467e-10,8.398927457164973e-05,2.842170943040401e-14,Non-Harmful,epoch_00500
1.3141538638544725e-12,0.004354165070993876,1.927187695451721e-11,0.06385320303494009,1.66173158566707e-10,0.5505788801972481,6.257035075609915e-11,0.20731334681234248,3.875515088968412e-12,0.012840682431965709,2.19578520273905,2.929162468134905e-10,8.495614747516811e-05,1.4210854715202004e-14,Non-Harmful,epoch_00501
1.002970059435504e-12,0.003422157196584652,1.802074884715149e-11,0.061487214673021574,1.6704765348762862e-10,0.5699704833432551,5.253127007822864e-11,0.17923791667831163,5.08875905823325e-12,0.017362964396583858,2.1794552041029265,2.9786137445420025e-10,7.66813027439639e-05,-1.0658141036401503e-14,Non-Harmful,epoch_00502
2.547273059150257e-09,0.40778854256972097,8.749309679534356e-10,0.14006618685390057,4.332855428612614e-11,0.0069363933876357056,1.1415629119077009e-10,0.018275083404437974,9.67129640261355e-11,0.015482611299226746,1.679970291191725,7.083460040746559e-09,0.00042844092240557075,-4.547473508864641e-13,Harmful,epoch_00503
3.077739396672996e-09,0.42253832240446704,6.535085302766808e-10,0.08971922650716099,3.864286148014262e-11,0.0053052217092773215,1.1136722186805281e-10,0.015289442358193532,1.0097922411439475e-10,0.013863289400371025,1.4976363208695298,9.818920787552088e-09,0.0005162961897440255,-9.094947017729282e-13,Harmful,epoch_00504
2.1571009423126952e-09,0.41975555326068414,4.6155253577429e-10,0.08981463788388824,1.7064163450319914e-11,0.0033205573413455296,1.4275487389414643e-10,0.027779020395703978,8.425533361278159e-11,0.01639545163699153,1.5134045749592822,5.979852168991329e-09,0.00034772686194628477,-2.842170943040401e-14,Harmful,epoch_00505
6.537388360684793e-13,0.0021506648366213027,1.8483005273864372e-11,0.0608052441195681,1.696841139819938e-10,0.5582254520306459,5.961473767976747e-11,0.1961200910799932,4.262462561729907e-12,0.014022615520377332,2.1739138678303833,3.0703201092663335e-10,9.449527715332806e-05,-2.842170943040401e-14,Non-Harmful,epoch_00506
1.0876809435761414e-12,0.0036442901755786303,1.8550271778730587e-11,0.06215294438760109,1.6253011436706544e-10,0.5445594156280299,5.951281709191264e-11,0.19939852392374174,5.3259062741603524e-12,0.0178445232727537,2.253705327551618,3.002885717862114e-10,8.346483809873462e-05,4.263256414560601e-14,Non-Harmful,epoch_00507
8.60997850706674e-13,0.002828095166696517,1.695858958903479e-11,0.05570339718197324,1.6893989679411803e-10,0.5549120769506122,5.7929443739775793e-11,0.19027919723076236,6.07285912095773e-12,0.019947347736017158,2.201611570077562,3.0427335651062037e-10,8.452633483102545e-05,3.552713678800501e-15,Non-Harmful,epoch_00508
5.870079812855811e-13,0.001910963942397016,1.8474665916014266e-11,0.06014299896913786,1.6792772034035508e-10,0.5466770959341145,6.36489921640622e-11,0.20720489818392993,5.646462626889698e-12,0.018381669118786807,2.2240288887587814,3.09682085530838e-10,8.659265586175025e-05,8.526512829121202e-14,Non-Harmful,epoch_00509
7.480380247518181e-13,0.0024569978265884676,1.7362524504065113e-11,0.057028765328781914,1.7054201106869726e-10,0.5601604954197846,5.627624581616697e-11,0.18484436497029094,4.773335616744048e-12,0.01567844795030113,2.2176059810934903,3.007394888676629e-10,8.558372792322189e-05,-1.4210854715202004e-14,Non-Harmful,epoch_00510
3.3109763819538784e-09,0.42816302982663573,6.749181664933435e-10,0.08727788232675261,3.731930389716531e-11,0.004825992210250039,1.2927775083076964e-10,0.016717713175655704,1.1075729482862284e-10,0.014322717367509665,1.4411192756940767,1.024287143991387e-08,0.0004995418712496758,1.8189894035458565e-12,Harmful,epoch_00511
6.658855866877034e-13,0.0021820750724056946,1.8666658876172887e-11,0.06116974422199118,1.7634870647098566e-10,0.5778862377175894,5.231416471893069e-11,0.17143100413801485,4.008801103572157e-12,0.01313664859732093,2.135889733439044,3.000252268847703e-10,8.205509220715612e-05,-2.842170943040401e-14,Non-Harmful,epoch_00512
6.483149520702947e-13,0.002072610092686677,1.842275073812849e-11,0.05889603346793698,1.7874775271042864e-10,0.5714420053550259,5.735932854990938e-11,0.18337310111796262,7.247152259814288e-12,0.023168555451270115,2.1412114016693757,3.107573920413387e-10,8.840054215397686e-05,-2.1316282072803006e-14,Non-Harmful,epoch_00513
9.621880115578962e-13,0.0033164613329339345,1.6411101861138477e-11,0.05656564423951041,1.6040134498407355e-10,0.5528699713572219,5.304646229654236e-11,0.18284008836336954,6.134882993323945e-12,0.02114566174701149,2.2365635883876513,2.9114916033634586e-10,8.817949856165797e-05,0.0,Non-Harmful,epoch_00514
2.123863529490677e-09,0.4198456022695463,4.508374489703426e-10,0.08912160205228017,4.167223857654001e-11,0.008237773218547309,7.287428950217278e-11,0.014405798461703522,6.593110432606686e-11,0.013033268766902351,1.518464800037874,5.890868237656832e-09,0.000338418991304934,5.115907697472721e-13,Harmful,epoch_00515
1.9851271737536536e-09,0.4034833790727221,4.162971963678208e-10,0.08461372233970192,2.86017737272104e-11,0.005813401007002873,1.1369853929882323e-10,0.023109587858382137,8.21339480802652e-11,0.01669398482181143,1.6785938927481816,5.853131312960613e-09,0.0003216586192138493,-2.8421709430404007e-13,Harmful,epoch_00516
2.0655566146388082e-09,0.40602123119350575,4.2017668858140844e-10,0.08259306726698733,3.84684749332731e-11,0.007561650667839605,1.4815005298929318e-10,0.029121480616794603,8.59829572992521e-11,0.016901452101038456,1.640690648052623,6.0416924796413696e-09,0.0003305189311504364,5.684341886080802e-14,Harmful,epoch_00517
3.9437095082639484e-13,0.0013191851789266006,1.8681429883940504e-11,0.06249006264890791,1.6721549145337633e-10,0.559341902718708,5.553872346828609e-11,0.18577905066876535,5.491072819965165e-12,0.018367838364680898,2.1981973242509825,2.9961685910073754e-10,8.156477997545153e-05,-3.907985046680551e-14,Non-Harmful,epoch_00518
1.3578181547874157e-12,0.004372311131078647,1.919285574653734e-11,0.061802927381620056,1.7683452618877382e-10,0.5694249737994151,5.3063160934457496e-11,0.1708687193391299,4.053435321768606e-12,0.013052469739035847,2.1862017257552804,3.0917077231684686e-10,8.93564720172435e-05,1.4210854715202004e-14,Non-Harmful,epoch_00519
2.318139014079179e-09,0.38846306991864693,8.27263868519168e-10,0.1386290727372036,2.1184574927612942e-10,0.03550013593369873,1.183961427161928e-10,0.019840280840244542,8.725316649749182e-11,0.014621484178420713,1.794003458859885,6.609954805725238e-09,0.00046284671407192945,6.821210263296962e-13,Harmful,epoch_00520
6.105293137367851e-13,0.0019456292376436618,1.8767551748788414e-11,0.05980826240421209,1.7555745746022922e-10,0.5594649010878859,6.109782818564113e-11,0.19470600051443543,5.200815879303697e-12,0.01657391251607814,2.1604913969018624,3.1082592055753366e-10,7.916006143204868e-05,2.1316282072803006e-14,Non-Harmful,epoch_00521
8.98945739895296e-13,0.003037984319233349,1.813982265178732e-11,0.061303473974104926,1.6629163324122231e-10,0.5619820549629372,5.4746483388323774e-11,0.1850155695562543,6.624448710933206e-12,0.022387303720605753,2.199340167782644,2.93742585810719e-10,7.927270780783147e-05,2.1316282072803006e-14,Non-Harmful,epoch_00522
3.887667077151491e-09,0.44236979541524496,9.503964386314845e-10,0.10814369383420441,3.1383621396097183e-11,0.003571078978952402,9.975818608676246e-11,0.011351282785904413,8.112472239113488e-11,0.009231018535048922,1.2961107724693541,1.0392624538724249e-08,0.000556816637981683,-9.094947017729282e-13,Harmful,epoch_00523
2.9067392937065506e-09,0.4248942411819609,8.790788721957377e-10,0.12849984556558244,2.5350818666503017e-11,0.0037056700901820596,1.1528224815732235e-10,0.016851447069439533,6.475976048817e-11,0.009466294191337411,1.531621194709014,8.378551186183358e-09,0.0004522157250903547,-9.094947017729282e-13,Harmful,epoch_00524
8.953964956634475e-13,0.002962860993792957,1.8019293522575364e-11,0.05962572131152479,1.695308615712321e-10,0.5609764829617058,5.349273107801977e-11,0.17700708806670742,4.433707253333891e-12,0.014671107539980245,2.22278315805544,3.089058453475957e-10,8.438921940978616e-05,-1.4210854715202004e-14,Non-Harmful,epoch_00525
2.0533175160153405e-09,0.4121747199736408,4.2020342587434367e-10,0.08434994979628282,2.350974016157581e-11,0.0047192509157352215,1.2137798838934843e-10,0.024364930404153697,7.773018383464003e-11,0.015603245238815278,1.5906027116582286,5.871195973838894e-09,0.00034919267636723816,-5.400124791776761e-13,Harmful,epoch_00526
2.30732544181933e-09,0.40271034455109317,6.773993727060557e-10,0.11823028075573515,3.856684936687227e-11,0.006731286759676523,1.0181855098628789e-10,0.0177709580998898,1.0917806329141522e-10,0.019055454721999994,1.7033104035953603,7.014257619175623e-09,0.00039716868195682764,9.094947017729282e-13,Harmful,epoch_00527
2.48151055259882e-09,0.4038343840698469,6.014330127673828e-10,0.0978755983994617,3.9780905999875493e-11,0.006473838144825076,1.288924574710526e-10,0.020975613470416078,1.1406359537446953e-10,0.01856240415121378,1.725773183879327,8.336426660093821e-09,0.0004500683571677655,9.094947017729282e-13,Harmful,epoch_00528
6.043543486836112e-13,0.001965708319574584,1.9158503342803224e-11,0.06231448403337522,1.721223025219487e-10,0.5598408330951803,5.8192325849519555e-11,0.1892749498815639,6.245842981266597e-12,0.0203150776324764,2.2099770975832684,3.01872749020049e-10,8.011993486434221e-05,3.907985046680551e-14,Non-Harmful,epoch_00529
4.575628070879745e-13,0.001560269714330248,1.887729734898272e-11,0.06437078120372976,1.6322206780605697e-10,0.5565803102068653,5.165042273546326e-11,0.17612574509580547,4.816124170477221e-12,0.016422778615843025,2.249341738329808,2.9391084011010093e-10,8.355944009963423e-05,4.973799150320701e-14,Non-Harmful,epoch_00530
4.706097707710133e-13,0.0016247359689170323,1.587481079749764e-11,0.05480629112351517,1.562291337964261e-10,0.5393663898136802,6.125107929536022e-11,0.2114635901059169,4.15957483843217e-12,0.014360540887901311,2.2446713336108886,2.9008143109798823e-10,8.349577547051013e-05,3.552713678800501e-14,Non-Harmful,epoch_00531
5.311607273808527e-13,0.0018071909322694814,1.7562388500945436e-11,0.05975326791271827,1.6544970254939173e-10,0.562916621619044,5.5036351127510375e-11,0.1872525387810164,6.772359908112369e-12,0.0230418906841177,2.1806332716336216,2.9816471514010345e-10,7.797633588779718e-05,-7.105427357601002e-15,Non-Harmful,epoch_00532
1.4150832727821694e-09,0.3855015754821984,3.026327868860257e-10,0.08244420549736098,4.9508291563582496e-11,0.013487209384978018,8.786270756094838e-11,0.023935843806763182,9.011047550494533e-11,0.024548188041477768,1.8703447280060033,6.198984880967373e-09,0.0003345658187754452,9.094947017729282e-13,Harmful,epoch_00533
6.769867869418911e-13,0.0020549258885763973,2.0567358796977353e-11,0.06243016683156627,1.867709112368665e-10,0.5669244779020846,6.451614166947534e-11,0.19583231505380466,4.4761195889132105e-12,0.013586814692752951,2.1278180739489216,3.263998515912192e-10,8.569090277887881e-05,2.842170943040401e-14,Non-Harmful,epoch_00534
7.733975677763627e-13,0.002676870920480716,1.839347185846052e-11,0.06366318177875473,1.6293125182365031e-10,0.5639349646498591,5.1825031191412435e-11,0.17937594418374636,6.1136055527939714e-12,0.021160310822564997,2.199316965343906,2.870460258375118e-10,7.955345063237473e-05,2.842170943040401e-14,Non-Harmful,epoch_00535
6.758352016043856e-13,0.0020877803057490563,1.9351757555349097e-11,0.05978116885562679,1.8151131292443168e-10,0.5607221161233805,6.38903307429578e-11,0.19736908337459289,5.995102363761523e-12,0.018519983298143878,2.1673953865547304,3.2222882695442934e-10,8.366195834241807e-05,-7.105427357601002e-14,Non-Harmful,epoch_00536
1.0479875430999264e-12,0.0033869773233177634,1.8555787006761804e-11,0.05997020691898054,1.7296368504116089e-10,0.5589990862477542,5.886615283764995e-11,0.1902487544673679,5.26122580831595e-12,0.017003687327150966,2.171047648210038,3.1370112063555666e-10,8.162637095665559e-05,-3.552713678800501e-14,Non-Harmful,epoch_00537
2.1541854966500296e-09,0.39385720046473593,5.221769683316779e-10,0.09547142491401236,4.628805845563466e-11,0.008463006155521488,1.0853317550241215e-10,0.019843496638243564,1.1121229978594549e-10,0.020333330216480195,1.7954722159506997,7.43863992624938e-09,0.00041143898852169514,0.0,Harmful,epoch_00538
7.17216650653052e-13,0.0023525760199816317,1.833706038574523e-11,0.06014825297374151,1.664234028364575e-10,0.5458932197409199,5.866294684178305e-11,0.19242308704876518,6.020942750449565e-12,0.019749577090119697,2.2742825890739575,2.974480384221323e-10,8.507299207849428e-05,-4.263256414560601e-14,Non-Harmful,epoch_00539
2.3092647793987453e-09,0.394795271829188,6.726600110251724e-10,0.11499893570907498,2.8012045807934705e-11,0.0047889801714789265,1.394028711909634e-10,0.023832518001653792,1.1840170163757158e-10,0.020242127451150994,1.8074144772269447,6.944481878434772e-09,0.00039621186442673206,0.0,Harmful,epoch_00540
2.1651618276052886e-09,0.41571009716154267,4.798842660053149e-10,0.09213756325457109,2.3480748595483547e-11,0.004508293170330959,1.1324953995417442e-10,0.021743860739462658,7.232295491654828e-11,0.013885974818159922,1.5667314825941145,5.968491478824944e-09,0.0003443785826675594,-5.684341886080801e-13,Harmful,epoch_00541
5.348667472468427e-13,0.001787293536705236,1.6936286249304155e-11,0.056593749947968494,1.6917029582730336e-10,0.5652940248968467,5.493785873271484e-11,0.18357858352351733,5.145540243889357e-12,0.017194171946748216,2.1928232184296816,3.014626603903281e-10,7.95308078522794e-05,7.815970093361102e-14,Non-Harmful,epoch_00542
5.42980807885507e-13,0.0020333877648656376,1.5036414387908925e-11,0.056309284968817284,1.538028523984103e-10,0.5759703358323995,4.965084994621588e-11,0.1859355419742633,4.286963985839984e-12,0.016054085136402704,2.116377965319446,2.794763864777394e-10,7.840145553927869e-05,5.684341886080802e-14,Non-Harmful,epoch_00543
4.996189551485786e-13,0.0015954976508094625,2.2071408611358534e-11,0.07048347591016828,1.7634856075421368e-10,0.5631566046634573,5.244432796022713e-11,0.16747723679526905,5.285767537641789e-12,0.01687972324133384,2.2371552574357154,3.132472614630899e-10,8.082230488071218e-05,-4.263256414560601e-14,Non-Harmful,epoch_00544
2.1118637949513186e-09,0.4147271331528401,4.481313948395682e-10,0.08800389925803985,3.034779719190972e-11,0.005959690656657456,1.0477790250013053e-10,0.020576250810080587,1.213890177612087e-10,0.023838336285084975,1.5702120126099122,5.936868774369941e-09,0.00036589469527825713,0.0,Harmful,epoch_00545
3.4449496749168473e-13,0.0010901844705105334,1.774574722736809e-11,0.05615796998645275,1.7745063057850174e-10,0.5615580487214337,5.905052873544578e-11,0.18687056554570095,4.8632821402806725e-12,0.015390281906435085,2.1716559585488566,3.1247146536905746e-10,8.362732478417456e-05,2.1316282072803006e-14,Non-Harmful,epoch_00546
6.15417439231436e-13,0.002222078279639752,1.7886016669479976e-11,0.0645807652122443,1.5833205579962595e-10,0.571687117938088,4.9661276881139e-11,0.1793112083963153,6.295016428698591e-12,0.022729318970316274,2.1818713455294474,2.779791119511543e-10,7.866861415095627e-05,-1.4210854715202004e-14,Non-Harmful,epoch_00547
2.0898480723730017e-09,0.40415797589604363,4.5488359433354386e-10,0.08797042961377002,3.523618549716723e-11,0.006814363970803933,8.421278951953326e-11,0.01628600232079426,1.4315990493757313e-10,0.027685848638432847,1.6687722670116658,6.017973230854068e-09,0.00034368023625575006,-4.831690603168681e-13,Harmful,epoch_00548
6.501320749113804e-13,0.0022176766205973452,1.6057182276527082e-11,0.054772928611741115,1.6032603022964054e-10,0.5468908590026454,6.332066641856482e-11,0.21599420630990396,6.46324053305003e-12,0.022046870130805283,2.201875168806444,2.97047220154667e-10,8.352768782060593e-05,4.263256414560601e-14,Non-Harmful,epoch_00549
2.9258200306969684e-09,0.41795454524461517,5.99851050775424e-10,0.08568895916732938,3.328537619140537e-11,0.004754829115740522,1.3089828526657854e-10,0.018698871672862334,9.182679790165071e-11,0.013117494294107737,1.532398144518856,9.42108258072949e-09,0.00046852766536176205,-4.547473508864641e-13,Harmful,epoch_00550
2.3738526699901286e-09,0.40452197768180503,6.131848813428764e-10,0.10449121970422655,2.7013185958935093e-11,0.0046032458314442205,1.5760676097542614e-10,0.02685735279690632,9.52175790470966e-11,0.01622577671863911,1.722544825403166,7.4002848293730494e-09,0.0004311092779971659,-9.094947017729282e-13,Harmful,epoch_00551
3.8584144768094575e-09,0.4424981621380695,8.300445764747311e-10,0.09519277977788881,2.3980496408060326e-11,0.002750177735311586,1.0913521301947338e-10,0.012516055876297843,1.1064721881781647e-10,0.012689458653767768,1.2956014232796447,1.1064817506678537e-08,0.0005095811211504042,0.0,Harmful,epoch_00552
2.482209549015124e-09,0.41169492942089153,5.152254213547369e-10,0.08545438621999077,2.0855504823114046e-11,0.0034590575117220634,1.4097248455385847e-10,0.023381449443587995,1.1898213230637777e-10,0.01973416812519196,1.5955602765987733,8.483022284622166e-09,0.0004674244555644691,9.094947017729282e-13,Harmful,epoch_00553
2.287517286703178e-09,0.42260566063638405,4.975500029341662e-10,0.09191950107300408,3.239704511603936e-11,0.005985167733382503,1.0184386146916413e-10,0.01881506758795533,8.927652627582772e-11,0.016493324699851004,1.4876982893975395,6.24359808298891e-09,0.0003453035606071353,1.4210854715202004e-13,Harmful,epoch_00554
1.99557814717366e-09,0.4150254123900792,4.234735314148641e-10,0.08807085668915313,2.6048859250171752e-11,0.0054174468526352665,7.735409621872913e-11,0.01608752617816984,8.951357537145821e-11,0.018616363676694923,1.5624848160704632,5.6545070847846546e-09,0.00031437468715012074,2.8421709430404007e-13,Harmful,epoch_00555
1.1479315761842024e-12,0.003678222114941418,1.9833030183435962e-11,0.06354933668564655,1.8204722451731215e-10,0.5833188502481217,4.976137996668198e-11,0.15944627019658017,8.01792627517367e-12,0.025691177377789358,2.1593093016026987,3.0830604735854195e-10,9.133663115790114e-05,-7.105427357601002e-15,Non-Harmful,epoch_00556
6.097375208902189e-13,0.0021077799304746593,1.71476275561723e-11,0.05927702327615443,1.6491825960418538e-10,0.5701000608507704,5.198442642063289e-11,0.17970311314723017,5.030730497977698e-12,0.017390553174065425,2.1651736775814387,2.9069985307828006e-10,8.343293302459642e-05,-1.1723955140041653e-13,Non-Harmful,epoch_00557
1.8457130268600963e-09,0.39183552999286114,5.614533213349482e-10,0.11919369724869328,3.139728581291745e-11,0.006665484800619753,1.1251032744352685e-10,0.023885372829871857,1.1176504513543684e-10,0.023727153169537364,1.8354026891268573,6.064862390076087e-09,0.0003511756076477468,0.0,Harmful,epoch_00558
7.406246839772312e-13,0.0024803657876154624,1.829823293754418e-11,0.06128112110492155,1.6918623446660064e-10,0.5666078336100193,5.5156636853334606e-11,0.18472059866579763,5.492211069615949e-12,0.0183935166220535,2.1706197810104437,2.9666741285794274e-10,8.17188192741014e-05,-4.973799150320701e-14,Non-Harmful,epoch_00559
2.7704620819690717e-09,0.4229329750162478,7.162469020660645e-10,0.10934076127895312,3.602205339570119e-11,0.005499051695380003,1.1881519206002888e-10,0.018138079918913634,1.0717271948373908e-10,0.01636076428796457,1.504726771189515,8.772905069065473e-09,0.0005493868375197053,9.094947017729282e-13,Harmful,epoch_00560
7.304972599042614e-13,0.0024942225973424562,1.7141800348965952e-11,0.058529262375504584,1.6623738496868157e-10,0.5676038294330418,5.6215393993454266e-11,0.19194282266761598,4.424360400615002e-12,0.015106613392974734,2.1364391539756302,2.9939348222818296e-10,8.180996519513428e-05,-6.394884621840902e-14,Non-Harmful,epoch_00561
3.306378282275091e-09,0.43030339000768086,8.626900825647876e-10,0.1122734410166165,2.7944167813043208e-11,0.003636749674215159,1.0866226148043001e-10,0.014141678746073928,1.216193612832428e-10,0.015827960076830114,1.452789964051361,9.35011357228177e-09,0.00047411437844857574,0.0,Harmful,epoch_00562
4.288995916236493e-13,0.0015504551860380923,1.7607271326700036e-11,0.06364959462217544,1.5401858260988277e-10,0.5567711296943137,5.36841495736573e-11,0.194066093183783,4.458280207682297e-12,0.016116507928217984,2.2088209606532754,2.8150398678761235e-10,8.373743912670761e-05,-1.4210854715202004e-14,Non-Harmful,epoch_00563
1.6876371411456148e-09,0.39152226214726393,6.142716404977655e-10,0.14250754288172235,4.087071306391188e-11,0.009481774040296395,7.543577481422536e-11,0.01750067267543548,1.1547687892715652e-10,0.026789982135955504,1.8188010728657629,5.47399681138927e-09,0.0003270972811151296,0.0,Harmful,epoch_00564
2.065785320581881e-09,0.40211558030467326,5.839532850326901e-10,0.11366946591313676,1.9866802647428017e-11,0.0038671738034805575,8.528259261980642e-11,0.016600688793519395,8.528757127618247e-11,0.016601657914210616,1.742305543163095,6.688480880256975e-09,0.00037398148560896516,0.0,Harmful,epoch_00565
3.4020826156222483e-09,0.4310424580137785,7.33956163206928e-10,0.09299194182126355,3.4504898938081396e-11,0.004371756401061796,1.0637570772159544e-10,0.01347775809991177,1.2281698921756679e-10,0.01556086165429848,1.4198482881882677,9.97050264572863e-09,0.0005243059131316841,-1.3642420526593924e-12,Harmful,epoch_00566
1.9719084143332566e-09,0.40718908172821605,3.940856356521305e-10,0.08137668409804352,3.350084445963297e-11,0.006917754391372234,1.0359172547547146e-10,0.021391165666921244,8.59033469358117e-11,0.017738605252617994,1.6354028465536397,5.721896734200982e-09,0.0003196729812771082,-1.1368683772161603e-13,Harmful,epoch_00567
2.2311699154897724e-09,0.4133169073366046,4.899698494154059e-10,0.09076530722408162,2.7752128720082148e-11,0.0051409908026094015,1.518781211906628e-10,0.02813492370384488,8.659843588748606e-11,0.016042076155973087,1.5809969778261064,6.2267333511556444e-09,0.0003681463422253728,-2.5579538487363607e-13,Harmful,epoch_00568
2.7333957319797264e-09,0.4166087267082954,8.777696208772667e-10,0.13378468394404208,2.4394939193705945e-11,0.0037181387373628576,1.1573072708492838e-10,0.017639023244159675,1.2406640645390432e-10,0.018909500375417387,1.6069542561098553,7.554837644363488e-09,0.00047358995652757585,0.0,Harmful,epoch_00569
8.079347737707798e-13,0.0026351681479577418,1.5590752809862413e-11,0.05085095547439348,1.5821793181158839e-10,0.516045190628143,7.121058170217465e-11,0.23226114630925881,4.9646157410793146e-12,0.0161926404116547,2.2997237404643656,2.990904468536115e-10,7.961175288073719e-05,-1.4210854715202004e-14,Non-Harmful,epoch_00570
2.216151706591063e-09,0.41495882004243734,4.927955439548715e-10,0.09227249959175207,3.2929619100952046e-11,0.00616583957043127,1.4498210097746433e-10,0.027146878695152192,8.357119336832586e-11,0.015648118171026435,1.5708465957630868,6.215910008933179e-09,0.00038202310679480433,-2.8421709430404007e-13,Harmful,epoch_00571
6.807593768212716e-13,0.0021231223923609747,2.0051299813236834e-11,0.06253511163989939,1.8359861547745382e-10,0.5725992839743054,5.866916671991122e-11,0.18297481583849795,6.069480909618591e-12,0.018929230015735616,2.1128661699684863,3.1487301654919975e-10,8.943873399402946e-05,4.263256414560601e-14,Non-Harmful,epoch_00572
2.2388046971855147e-09,0.3918250677279175,8.732931600086147e-10,0.1528396612696353,9.661778668790255e-11,0.01690959057764203,9.3102066854589e-11,0.016294285828848072,7.268680449201703e-11,0.012721302634756121,1.7565522242754716,6.496824411783564e-09,0.00034892038092948496,-1.3642420526593924e-12,Harmful,epoch_00573
2.0587322957510423e-09,0.42009458499827557,4.3677054160917717e-10,0.08912520573727267,1.697682055698535e-11,0.0034642048415892703,8.302207966243147e-11,0.016941069110085274,6.039792234055485e-11,0.012324497057135468,1.5062483502722057,5.797965663134619e-09,0.0003377541434019804,-5.684341886080801e-13,Harmful,epoch_00574
1.2432523543645657e-12,0.004324864082161389,1.8406693487113546e-11,0.06403080376586837,1.6635919725116466e-10,0.5787086703700594,4.596286827703022e-11,0.15988962934724743,3.843596177010439e-12,0.0133706009032908,2.1770558861511233,2.936653142882051e-10,8.35190003272146e-05,-4.263256414560601e-14,Non-Harmful,epoch_00575
2.1843724606895876e-09,0.4177597777541516,4.550252353727191e-10,0.08702327310143229,2.484138589275986e-11,0.004750898501251162,1.0429372383075064e-10,0.019946105196241425,1.0229594168270628e-10,0.019564030691463632,1.5353093363743333,6.071373626070908e-09,0.00032902538077905774,-6.110667527536862e-13,Harmful,epoch_00576
2.9452218441861078e-09,0.4304344991709376,8.186340667848402e-10,0.11964068011935285,2.0102175132818978e-11,0.0029378668715980953,1.320648594822782e-10,0.019300845456361022,8.38376468942359e-11,0.012252596735225775,1.4709022409541739,8.507969440074703e-09,0.00044795998837798834,1.8189894035458565e-12,Harmful,epoch_00577
3.265175907429807e-09,0.43695173995297776,8.235110718346483e-10,0.11020373967904722,2.9799086809223496e-11,0.003987767642371637,6.919454592635432e-11,0.009259739167185043,7.364097829795635e-11,0.009854768781648936,1.310288502018702,8.902935277887991e-09,0.0005328131373971701,4.547473508864641e-13,Harmful,epoch_00578
6.270893092991114e-13,0.0021216988908405923,2.0249986800238706e-11,0.06851396427348404,1.6721109913353516e-10,0.5657433451773893,5.3950782589236995e-11,0.18253750124923118,5.9124695699248886e-12,0.020004295947349465,2.171200182760325,3.0298363817848895e-10,8.074523793766275e-05,2.842170943040401e-14,Non-Harmful,epoch_00579
4.74068809382111e-13,0.0016017035231162867,1.6971631565387835e-11,0.05734087865165306,1.6014030379540856e-10,0.5410549770535004,6.073678615169803e-11,0.2052071818197246,3.898346733312644e-12,0.013171074691064343,2.2458439034873243,2.8979324495637115e-10,8.269202953670174e-05,5.684341886080802e-14,Non-Harmful,epoch_00580
3.800462167191654e-09,0.44391852345469185,8.397435420637311e-10,0.09808746854307143,2.7472082768376094e-11,0.003208916674409194,1.074257245659016e-10,0.012548018354721482,9.978731122656237e-11,0.01165580234993969,1.2841434191357683,1.0835796260266761e-08,0.000502896320540458,0.0,Harmful,epoch_00581
1.1044912814200947e-12,0.0036615465992698355,1.8568236032946717e-11,0.061556358700685994,1.7123936296714604e-10,0.5676829846291978,5.259992371135433e-11,0.17437627170721656,6.806646609194833e-12,0.02256500722421679,2.211657074717338,3.038576334990495e-10,9.535551362205297e-05,4.263256414560601e-14,Non-Harmful,epoch_00582
2.0358366104034076e-09,0.409505022810767,4.1775561569062925e-10,0.08403082155930897,2.5447291843172515e-11,0.005118678863254007,1.2457051015712928e-10,0.025057143261283558,1.134633637045468e-10,0.022822959909739433,1.6191010456227908,5.90458748561673e-09,0.00032055279007181525,2.8421709430404007e-13,Harmful,epoch_00583
3.968134265619483e-09,0.4506755576027067,8.081218524219613e-10,0.09178136173634303,2.599240093992261e-11,0.002952052275177739,1.1287275497942617e-10,0.012819372627898012,7.732236118745961e-11,0.008781784060392947,1.1851755768866195,1.1560805646126937e-08,0.0005070972838439047,9.094947017729282e-13,Harmful,epoch_00584
2.1596286980951618e-09,0.41517258528699974,4.680519791189219e-10,0.0899795184194839,3.278091686986784e-11,0.006301887920338033,1.3151683388168411e-10,0.02528313500352165,1.101006100526214e-10,0.02116602495491031,1.5669618464411896,6.007878194935756e-09,0.00032684128382243216,2.2737367544323206e-13,Harmful,epoch_00585
2.638950391542494e-09,0.4102042136093133,8.760993389089755e-10,0.13618279506600897,4.938694245226749e-11,0.007676814219822965,7.712669652243376e-11,0.011988742189570505,8.936775711815281e-11,0.013891519388984195,1.6623059656876669,7.346068642277714e-09,0.00041515135671943426,0.0,Harmful,epoch_00586
3.3118966553599694e-13,0.0011466276322509867,1.7833866978664292e-11,0.061743486574469576,1.6249899342790641e-10,0.5625955622010713,5.3600874661084014e-11,0.1855741600504155,5.721429352425339e-12,0.019808435087627214,2.188392695152701,2.9184260563752673e-10,8.950397750595585e-05,5.684341886080802e-14,Non-Harmful,epoch_00587
2.100894347378812e-09,0.4102791370602958,4.6344512949492156e-10,0.09050520224456056,3.4801581755283806e-11,0.0067963260259639524,1.246644081367987e-10,0.024345444051630805,1.1842057759739455e-10,0.023126099819088326,1.6237653042554903,5.861651164451587e-09,0.000340909551596269,7.958078640513122e-13,Harmful,epoch_00588
2.923232322871172e-09,0.4321283726359182,6.710282416527713e-10,0.09919510665965389,3.572859369471715e-11,0.005281598362563148,1.0714783574283793e-10,0.015839185797431318,7.108751434725669e-11,0.010508549611082798,1.4294267654813195,9.596578642856457e-09,0.0004682956787291914,0.0,Harmful,epoch_00589
2.088345496531474e-09,0.41205620857012454,4.3808693825364564e-10,0.08643993204223661,5.1725169286642725e-11,0.010206011016520815,9.748723790031777e-11,0.01923542905132186,1.2930776588371273e-10,0.02551400993619685,1.5950844716016437,5.875644859543172e-09,0.00037006777711212635,-9.947598300641403e-14,Harmful,epoch_00590
1.9918453553202653e-09,0.4189880562901636,4.1198820310145434e-10,0.08666241883230967,2.229509112050554e-11,0.0046898103150637,9.134982874303699e-11,0.019215591755279766,5.1975155516276184e-11,0.010933062311778744,1.5185729954304552,5.608455921901623e-09,0.000346402550349012,1.7053025658242404e-13,Harmful,epoch_00591
3.0810352047438982e-09,0.42188547473979154,7.013754438345288e-10,0.09603918567284206,3.4682796565266294e-11,0.0047491077257772645,1.0297835240785647e-10,0.014100803206213713,9.240805429883148e-11,0.01265341460481089,1.5238163747688345,9.058442884679607e-09,0.0004433286958374083,9.094947017729282e-13,Harmful,epoch_00592
9.800549044189366e-13,0.0032495365982915234,1.828560089803255e-11,0.06062898014386082,1.6826461057828368e-10,0.5579095699700464,5.496607834686029e-11,0.1822492622069782,4.871302525851634e-12,0.016151621473176486,2.2334655796854475,3.0030483655352214e-10,8.515143417753279e-05,7.105427357601002e-15,Non-Harmful,epoch_00593
3.900621159402817e-09,0.4456741565977507,9.027579690734644e-10,0.10314662204732335,3.191173714167661e-11,0.0036461465892174095,1.212406789546927e-10,0.013852623756659282,1.1661381582594998e-10,0.01332397120663534,1.2615169890738427,1.0621457491311048e-08,0.0005317137110978365,0.0,Harmful,epoch_00594
2.377500196715232e-09,0.40421865978092586,7.513415445359328e-10,0.12774184943902336,2.908683016666913e-11,0.004945294862011177,1.0685935556559167e-10,0.018168051279850456,1.1325121222760526e-10,0.01925478420084057,1.7020968695934902,6.907162841685022e-09,0.0004063309170305729,4.547473508864641e-13,Harmful,epoch_00595
4.4865180364242474e-13,0.0014838063084309967,1.6483058678812973e-11,0.05451369246997105,1.6794387408536338e-10,0.5554333623693897,5.605163479627945e-11,0.18537709785933698,7.334047757122375e-12,0.02425557245062493,2.227977915885913,3.115971092260139e-10,8.763777441345155e-05,2.842170943040401e-14,Non-Harmful,epoch_00596
4.990364133213021e-13,0.001778067977227609,1.6423963317829804e-11,0.05851862199841504,1.5980549522565113e-10,0.5693873754715059,5.032060320731349e-11,0.17929243391723,4.87226139425298e-12,0.017359879420714337,2.178159665862997,2.833810408553461e-10,8.583934686612338e-05,0.0,Non-Harmful,epoch_00597
6.474958373289819e-13,0.0022634723073576444,1.6404010582619227e-11,0.05734403457561568,1.5583193763157865e-10,0.5447467846063543,5.447811575768832e-11,0.19044092527794898,4.8867075208396116e-12,0.017082622790603234,2.2894457446943144,2.8501162541161307e-10,8.028441516216844e-05,-3.552713678800501e-14,Non-Harmful,epoch_00598
5.330506001877122e-13,0.0016505291482080246,1.961989696142724e-11,0.06075072761998591,1.8989002037450575e-10,0.5879723491007567,5.319727340927227e-11,0.16471916612846088,4.7314435355771955e-12,0.014650364272773617,2.1139419900053174,3.1546193435261216e-10,8.475733920931816e-05,-2.842170943040401e-14,Non-Harmful,epoch_00599
6.467104412752334e-13,0.002053085754143009,1.8668015700981644e-11,0.05926460228201548,1.7728632450975113e-10,0.5628237987585494,5.89343630320871e-11,0.187096563544078,6.157181535459966e-12,0.01954695778716407,2.209227610643895,3.131012671353517e-10,9.548378875479102e-05,0.0,Non-Harmful,epoch_00600
3.1406879319462178e-09,0.4255796848305432,9.102674690397716e-10,0.12334601557990005,3.638775045167186e-11,0.004930731006858963,1.3933972725643784e-10,0.018881263753391,1.0973472651387706e-10,0.014869630901470083,1.534218293417261,9.262082656391613e-09,0.0005007325671613216,-4.547473508864641e-13,Harmful,epoch_00601
6.084772442849218e-13,0.0021977390222393004,1.647450914837173e-11,0.05950373981555337,1.568911944804796e-10,0.566670164897783,4.9195565915254036e-11,0.17768785266597795,4.826315237217715e-12,0.01743200987397113,2.193880965446718,2.785260910798115e-10,7.9453966463916e-05,2.842170943040401e-14,Non-Harmful,epoch_00602
2.0471873085625703e-09,0.4188571845273727,4.058914723423235e-10,0.08304592287080377,3.1567951377931e-11,0.006458843887978824,8.912014095446841e-11,0.018234096689023278,8.86986499873399e-11,0.018147859089241006,1.5103519396021752,5.781882528310689e-09,0.0003135515144094825,-3.410605131648481e-13,Harmful,epoch_00603
9.69221773151896e-13,0.0032114769757406146,1.715591286654411e-11,0.05684542041348052,1.7306325122978805e-10,0.5734380531546055,5.54777158457212e-11,0.18382315796086834,5.027638190751443e-12,0.01665887492337839,2.1362810717275185,3.0956609498034027e-10,7.946544792503119e-05,7.105427357601002e-15,Non-Harmful,epoch_00604
2.864866788243603e-09,0.4159602765136293,8.504866741421147e-10,0.12348520831720766,1.939703345860133e-11,0.002816324805779369,1.0525100409275456e-10,0.015281770498166923,1.1988954794206474e-10,0.01740719314340239,1.613298867280209,7.79095010727815e-09,0.0004688015906140208,0.0,Harmful,epoch_00605
1.5852234889340844e-12,0.005673381065756696,1.6485627750070786e-11,0.05900067024445524,1.5270207320838836e-10,0.5465078311606363,5.6625706402503584e-11,0.20265862370931592,4.74293813858967e-12,0.016974575269272225,2.2488004245425457,2.810087718074783e-10,7.851504778955132e-05,1.4210854715202004e-14,Non-Harmful,epoch_00606
2.013091693342517e-09,0.41085245349976085,4.217734737854695e-10,0.08607986764783365,2.779164919031185e-11,0.00567200554967543,1.0146988284331915e-10,0.020709017110537433,1.0785343364932976e-10,0.02201183780139982,1.61373826639205,5.684881898559979e-09,0.0003400021814741194,-2.2737367544323206e-13,Harmful,epoch_00607
2.0496413455362017e-09,0.39414848344358006,5.738262018328832e-10,0.11034746527981075,3.816812838008943e-11,0.007339776761263818,7.562906681121695e-11,0.014543560049085597,1.360604840600077e-10,0.026164593901096357,1.812606358938941,6.644283789825067e-09,0.0003675446496345103,4.547473508864641e-13,Harmful,epoch_00608
2.065459803191061e-09,0.41654685660998586,4.426870224560897e-10,0.0892778873649476,3.352147726065624e-11,0.006760366849200713,1.2081846807732166e-10,0.02436578674651017,8.603638548126957e-11,0.017351190214856354,1.561978267730285,5.7998086333554966e-09,0.0003335780929774046,7.958078640513122e-13,Harmful,epoch_00609
1.6172673200642862e-09,0.3891301772429767,3.4626444073149187e-10,0.08331457732629487,2.971635958137764e-11,0.007150043859451671,1.0945373166842964e-10,0.02633562768234767,1.0753782760108965e-10,0.025874642612003878,1.8383197572477774,6.678419595118612e-09,0.0003852086083497852,0.0,Harmful,epoch_00610
8.221830334609326e-13,0.0027529614291179195,1.737068345067372e-11,0.058163230802541245,1.610327635126474e-10,0.5391950073555619,5.937503971559926e-11,0.19880876585512308,6.227641666245454e-12,0.020852360853729577,2.2822642372026847,2.970718671058137e-10,8.439443627139553e-05,-7.105427357601002e-14,Non-Harmful,epoch_00611
7.816257406936811e-13,0.0026735772338360884,1.9823127731313783e-11,0.06780567763649882,1.649044650831044e-10,0.5640612900143585,4.9941099270357087e-11,0.17082521607269047,4.363085142743833e-12,0.014924080029114498,2.2260419990728058,2.980511115691087e-10,8.491489279549569e-05,-1.4210854715202004e-14,Non-Harmful,epoch_00612
3.388153473060651e-13,0.0011422982575052564,1.8496975029121468e-11,0.06236158578081467,1.7167497284864552e-10,0.5787932096391182,5.368381753674198e-11,0.18099218856533997,4.33688545145583e-12,0.014621582917029833,2.1129588849675778,2.987220470984653e-10,7.959896902320907e-05,-1.4210854715202004e-14,Non-Harmful,epoch_00613
3.171943818713885e-09,0.4350856789123366,8.195580047942741e-10,0.11241622528753897,2.8260858063455796e-11,0.003876454098789623,8.626389619986741e-11,0.011832550634191455,1.1416779761158624e-10,0.01566004209806713,1.3882926160971987,9.598862149573506e-09,0.00048757140757516026,0.0,Harmful,epoch_00614
3.270830273294223e-09,0.43415952047245415,6.65439346854424e-10,0.08832828474552631,2.166184592811149e-11,0.0028753239559645843,1.1596833649624161e-10,0.015393265060032482,8.901362633095822e-11,0.01181538328017263,1.3768371443817138,1.010313166460719e-08,0.000497366301715374,4.547473508864641e-13,Harmful,epoch_00615
7.920126143465267e-13,0.0027048589899992177,1.7875476652270267e-11,0.06104782025890771,1.5800310365632342e-10,0.5396077128458413,6.056835014003198e-11,0.20685130945907684,5.8641149661836645e-12,0.020026958911201088,2.251933205132187,2.833034640215004e-10,8.698846795596182e-05,1.4210854715202004e-14,Non-Harmful,epoch_00616
4.097608211940662e-13,0.0014126895571394441,1.5952615422219762e-11,0.05499816490595673,1.5759793470238037e-10,0.54333392814867,6.074970171007776e-11,0.2094403973397881,4.969401734729317e-12,0.0171324869845424,2.2196306939708803,2.9005284285510413e-10,8.783099474385381e-05,-5.684341886080802e-14,Non-Harmful,epoch_00617
2.1657575732803025e-09,0.4161391155691927,4.3554721981808875e-10,0.0836881454692077,2.4300367273966117e-11,0.0046691898807854374,1.3322363004442117e-10,0.025598231428844924,1.220154407198526e-10,0.023444635823223384,1.5402495757390797,6.22230489355502e-09,0.00034036615397781134,-2.4158453015843406e-13,Harmful,epoch_00618
5.047329199557582e-13,0.0016390574739627974,1.8500039824717596e-11,0.06007658178105496,1.7116528333582792e-10,0.5558380003411306,6.137741828454377e-11,0.1993155433187128,3.890979579550605e-12,0.01263547295757538,2.1682851416163818,3.1373398323708557e-10,8.267378871096298e-05,-1.4210854715202004e-14,Non-Harmful,epoch_00619
1.043502307132571e-12,0.0036377812818883678,1.8672543329253943e-11,0.06509485234878336,1.6749722442366277e-10,0.5839165506504674,4.7606769817531286e-11,0.16596323261543253,4.611286504550838e-12,0.016075529126308222,2.153601250513522,2.9238428345124134e-10,9.103883348871022e-05,-1.4210854715202004e-14,Non-Harmful,epoch_00620
6.514998501620795e-13,0.0022440486462548333,1.8989907736577383e-11,0.06540949585509363,1.547913464072792e-10,0.5331686742073727,6.143466280399829e-11,0.21160768013091216,4.6433131319946475e-12,0.015993588556309946,2.26444441375183,2.9542698842810466e-10,8.658285514684394e-05,7.105427357601002e-15,Non-Harmful,epoch_00621
2.492673845111426e-09,0.41349013142765173,6.012872214022913e-10,0.09974282543662948,4.788595388272032e-11,0.007943425652472151,1.2508714723746817e-10,0.020749726665029725,1.400199661077961e-10,0.02322681497298732,1.5558353182519666,8.503355353184361e-09,0.0005100496928207576,-4.547473508864641e-13,Harmful,epoch_00622
2.201731019724207e-09,0.4058228811219886,4.698464959110304e-10,0.08660206762203372,3.656253945438781e-11,0.006739204275904088,1.5691020011088241e-10,0.02892167522552436,1.1779554068280795e-10,0.021712064405218574,1.660531439848898,6.23797236087853e-09,0.0003616640460677445,3.694822225952521e-13,Harmful,epoch_00623
5.643993302231753e-13,0.0017642795754634042,2.0070770891632284e-11,0.06274006585711259,1.819800282687467e-10,0.5688590149280429,5.7780685509649377e-11,0.18061907206842176,4.820867771822279e-12,0.015069753081515213,2.1638890449169055,3.138382886902491e-10,8.249278471339494e-05,0.0,Non-Harmful,epoch_00624
6.794039614753389e-13,0.0024460893538280834,1.6457474597518507e-11,0.05925260329137392,1.6288569104627726e-10,0.5864448507100611,4.5429641331359155e-11,0.16356242870229357,5.429852314303707e-12,0.01954934721021521,2.1212164382296046,2.7988100725906406e-10,8.630201045889407e-05,2.1316282072803006e-14,Non-Harmful,epoch_00625
4.974310893746114e-13,0.0016569196659277044,1.8308543700204516e-11,0.06098490174690308,1.691133622028218e-10,0.5633086905711848,5.229330960225195e-11,0.17418656559112863,5.576214999730017e-12,0.018574111051461922,2.2038468496258456,3.013673199880884e-10,8.668333612149581e-05,0.0,Non-Harmful,epoch_00626
5.698167632184337e-13,0.001808981677723068,1.752392024892413e-11,0.055632709843658916,1.76655648442825e-10,0.5608238506259164,5.887780399945614e-11,0.18691775239816347,6.465312389191541e-12,0.020525250234381127,2.196498375812948,3.1425451130218107e-10,8.439726661890745e-05,1.4210854715202004e-14,Non-Harmful,epoch_00627
1.7544807828784315e-09,0.39802587872745565,4.1268149834905454e-10,0.09362195221395421,2.2477244024377008e-11,0.005099243543435277,9.352918786675879e-11,0.021218264429352502,8.052494955557155e-11,0.018268090547995035,1.7626775314293388,6.310528544162253e-09,0.0003643179661594331,-4.547473508864641e-13,Harmful,epoch_00628
1.6991348328332379e-09,0.3791771676398748,5.728361951451433e-10,0.1278335313946541,3.968158440725844e-11,0.008855301234639337,1.4255491578851753e-10,0.031812407207083636,1.2168391815003954e-10,0.02715485701303538,1.951380184460662,5.4736077892414414e-09,0.000346709624864161,-4.547473508864641e-13,Harmful,epoch_00629
5.264375090366369e-13,0.0017090452194293685,1.8644238496817733e-11,0.060527310698656564,1.7163487991966875e-10,0.5572015025122943,5.4036491102006645e-11,0.17542596264012603,6.788283422789337e-12,0.022037721728985604,2.2385003536361268,3.0963653863125273e-10,9.37452568905428e-05,-8.526512829121202e-14,Non-Harmful,epoch_00630
2.5959723259916245e-09,0.40400601429835786,9.628342845235949e-10,0.14984398632662607,8.932244874304551e-11,0.01390107519357416,1.1657267772607893e-10,0.018141974177713963,1.355354240298312e-10,0.021093108701616663,1.7063398142823998,7.056245365788527e-09,0.00042637548176571727,0.0,Harmful,epoch_00631
7.889833534766022e-13,0.0027991185198414604,1.7655638669816787e-11,0.06263785536481387,1.6225518151280482e-10,0.575641401699356,5.078450572397475e-11,0.18017091218286138,6.236131023466124e-12,0.02212425618744004,2.1238508288907294,2.8150753950129115e-10,7.63105126679875e-05,5.684341886080802e-14,Non-Harmful,epoch_00632
3.089622335750164e-09,0.4341440454700087,7.687333200556701e-10,0.10801999635839857,4.2389928373021135e-11,0.005956499853752821,1.334113236550749e-10,0.018746540990764785,1.1400683348761209e-10,0.01601988286038204,1.421112980073194,9.495479069698831e-09,0.0005048628663644195,0.0,Harmful,epoch_00633
2.042694902115727e-09,0.3892712579144283,6.206105386541427e-10,0.11826819796075558,2.2003046953877892e-11,0.004193065619743259,1.3273190012375036e-10,0.025294386191999862,1.157781457511442e-10,0.022063551629206823,1.8766316217515024,6.3070935141240625e-09,0.00034742089337669313,4.547473508864641e-13,Harmful,epoch_00634
2.117718000960167e-09,0.41445576491192,4.735903301467115e-10,0.09268573173899936,3.145727775488716e-11,0.006156461865100665,1.2271367429150803e-10,0.024016129494380117,1.0114279292566808e-10,0.019794521078032885,1.5853950384095508,5.88637227849631e-09,0.0003106255899183452,-1.1368683772161603e-13,Harmful,epoch_00635
8.568093066638194e-13,0.0027262912155034116,1.9495821840589955e-11,0.06203397583293825,1.791499032455235e-10,0.5700391016739889,5.857391362305148e-11,0.18637699768921534,4.961265014265248e-12,0.01578630521514959,2.16273163423165,3.0948332785385446e-10,8.32405494293198e-05,-4.263256414560601e-14,Non-Harmful,epoch_00636
2.230042372985963e-09,0.41408460985698814,4.708877680142942e-10,0.08743662455325656,1.6401484337347227e-11,0.003045503675256254,1.4167356697514233e-10,0.02630660494105282,1.1778149115737602e-10,0.02187021350135724,1.5743135927064698,6.263698892894354e-09,0.00034888662048615515,3.268496584496461e-13,Harmful,epoch_00637
2.168427437609921e-09,0.377061177015618,7.480317476549203e-10,0.13007293964454653,2.2200312421727375e-10,0.03860344038570871,1.4738716497264548e-10,0.02562870075229973,8.376304337642804e-11,0.014565297956540537,1.8546674373914591,6.589084833308334e-09,0.00040019978769123554,6.821210263296962e-13,Harmful,epoch_00638
3.243098012362111e-09,0.42462051010265783,8.606310872294465e-10,0.11268287602674182,6.149447270842323e-11,0.008051503306533156,1.5314587965831183e-10,0.02005146970358408,8.515315882973162e-11,0.01114914738972004,1.4897710595280926,8.83129303019814e-09,0.0004829099343623966,-4.547473508864641e-13,Harmful,epoch_00639
2.307485535979481e-09,0.4059576953997271,5.762755377058948e-10,0.10138459615653421,2.663695652938003e-11,0.004686260137504925,1.3144658972397139e-10,0.02312549907700543,9.96784339096779e-11,0.01753650312431977,1.695374828381755,6.9911401112676685e-09,0.00039424546412192285,-4.547473508864641e-13,Harmful,epoch_00640
1.676602301436958e-09,0.37615371371987555,6.328302881719594e-10,0.14197848997719043,6.839778396439122e-11,0.015345368681866213,1.0308666073544082e-10,0.023127983444483524,1.0402529185271625e-10,0.023338569807316013,1.9574891371074565,5.43199840663533e-09,0.00032810488482937217,0.0,Harmful,epoch_00641
2.0385269028366793e-09,0.4129166787657509,4.241180566466607e-10,0.08590782839874754,3.295163794603262e-11,0.006674565286155252,1.1551106425533586e-10,0.023397505790401545,9.937049533920161e-11,0.02012813019326535,1.5801074309881218,5.750189657760529e-09,0.00036534955142997205,-2.8421709430404007e-13,Harmful,epoch_00642
4.653383798083888e-13,0.001504536125122744,1.9353997679667778e-11,0.06257551480407034,1.7811838809445035e-10,0.5758939323833147,5.992377603782247e-11,0.19374607750985953,3.5965467800117e-12,0.011628386548407236,2.0652244455510336,3.0675764706167286e-10,7.858348544687033e-05,-5.684341886080802e-14,Non-Harmful,epoch_00643
4.582338740226344e-13,0.0015599904521412281,1.7988167379245912e-11,0.061238094680350574,1.653892856001704e-10,0.5630437229744836,5.480846950334933e-11,0.18658744795779839,6.858992486393628e-12,0.023350440455552093,2.1837062359890003,2.9406022061806425e-10,8.100871491478756e-05,0.0,Non-Harmful,epoch_00644
2.1905213198891715e-09,0.4110965490539343,4.5254824540541527e-10,0.08493002112209155,2.226396844662304e-11,0.0041782933192887105,1.168002985996175e-10,0.02191998737779972,1.3380999520223869e-10,0.025112208110965557,1.6069896116253233,6.137762298408234e-09,0.00031953497091308236,-2.2737367544323206e-13,Harmful,epoch_00645
3.1646973930321565e-09,0.4285192571986751,7.717107369797915e-10,0.10449432306258491,3.7926349560901684e-11,0.005135458188791749,1.2112460773955336e-10,0.016401007897726323,1.0409536427280486e-10,0.014095144854677293,1.4688725969716672,8.831953834942396e-09,0.00046601600479334593,4.547473508864641e-13,Harmful,epoch_00646
7.947889308496103e-13,0.0024613690548256355,2.1193415620547607e-11,0.06563354791404956,1.8499565074270308e-10,0.5729100549106416,5.91659737696204e-11,0.1832301524122822,5.0744163645338736e-12,0.01571487841131979,2.1376027702783955,3.1837460445771626e-10,8.392772724619135e-05,-3.907985046680551e-14,Non-Harmful,epoch_00647
3.06540615113704e-09,0.43019046156385365,6.801220888558168e-10,0.09544641750527241,2.2152664251595677e-11,0.0031088424793980877,8.935466082327093e-11,0.012539781316804064,1.0178758357015649e-10,0.014284582661672028,1.4314911322484472,9.034462067347704e-09,0.00046128768008202314,-2.2737367544323206e-13,Harmful,epoch_00648
2.435164514480448e-09,0.4170361009917718,6.001936950911224e-10,0.10278666470057733,3.192664362050568e-11,0.005467623601640001,8.114795207320169e-11,0.01389705924788225,7.757546861830722e-11,0.013285250656705948,1.575520705820957,7.663238044131049e-09,0.0003871942753903568,-2.2737367544323206e-13,Harmful,epoch_00649
2.1839907660137214e-09,0.41990181316575476,4.66344195898527e-10,0.08966098962704458,2.0734615413520174e-11,0.003986510722901576,1.3636323493992908e-10,0.02621767934712242,1.1160307313712314e-10,0.02145720279334456,1.5110530695604125,5.97099347743324e-09,0.0003447913331910968,-1.1368683772161603e-13,Harmful,epoch_00650
6.530452177286317e-13,0.0022354923566907004,1.7800234430962597e-11,0.06093343452712478,1.60895304024411e-10,0.5507738401714471,5.997501665222157e-11,0.20530537193850518,3.891023191582993e-12,0.013319678895657383,2.194648708119021,2.9472460583157556e-10,8.163414167938754e-05,4.618527782440651e-14,Non-Harmful,epoch_00651
2.229156637056917e-09,0.43079648824060907,4.793444009776326e-10,0.09263587904329486,2.8998423454162925e-11,0.005604101022286543,1.0432829426754164e-10,0.020162002995863158,7.535903064764815e-11,0.014563537268105551,1.404358186506223,6.015323794628102e-09,0.00032370659755542874,-3.410605131648481e-13,Harmful,epoch_00652
3.5508141565943063e-13,0.0011861243315182636,1.769963196189897e-11,0.059124367548040464,1.6841485150909108e-10,0.5625778887723177,5.4880059589638985e-11,0.1833229539021473,6.2366535004930446e-12,0.020833099503237494,2.181358592998479,2.9311386651187377e-10,8.16267856862396e-05,2.1316282072803006e-14,Non-Harmful,epoch_00653
1.9789274663395418e-09,0.40366119278463153,4.177603731697621e-10,0.08521466976441723,2.5551675358892467e-11,0.005212025164365731,1.3685376356459278e-10,0.02791540083059872,1.215332582835127e-10,0.024790327506277625,1.678655169521084,5.767220478958279e-09,0.0003294242196716368,-2.2737367544323206e-13,Harmful,epoch_00654
2.7680404635077593e-09,0.42203876933157375,7.451697366794852e-10,0.11361485598111858,2.716036683753087e-11,0.004141098349472695,1.3049400796050215e-10,0.019896215843248105,1.0957644253767329e-10,0.01670694759198989,1.5544430499201345,8.378856719559735e-09,0.0004293467791285366,0.0,Harmful,epoch_00655
2.1350439194378623e-09,0.41880001965651203,4.31196076240703e-10,0.08458136320350901,1.637292124795353e-11,0.003211634045581059,1.275434740460879e-10,0.025018318804245106,9.328354668575178e-11,0.018298055056360635,1.523877120787401,5.9604792213008295e-09,0.0003286552964709699,2.2737367544323206e-13,Harmful,epoch_00656
6.976710875683523e-13,0.002331210096504259,1.922220206358044e-11,0.06422939451862193,1.718921394111561e-10,0.5743633325864973,5.1987347694966435e-11,0.173711412148937,4.7958154374833084e-12,0.016024819672259594,2.159499498101883,3.0146810048314876e-10,8.656483259983361e-05,-1.4210854715202004e-14,Non-Harmful,epoch_00657
4.832789442070495e-13,0.0016201066489019294,1.9136637261808753e-11,0.06415217057790562,1.6955668813434244e-10,0.5684086201250894,5.707444998385991e-11,0.19133193574776738,5.057203950314254e-12,0.0169533761877427,2.1417401259057414,2.9246044475073063e-10,7.836069562472403e-05,2.842170943040401e-14,Non-Harmful,epoch_00658
7.738271828872101e-13,0.002668538495654531,1.7015555197480436e-11,0.058678042169564584,1.644995181737663e-10,0.5672756223495194,5.5132475082660115e-11,0.19012401654057273,3.425317755129109e-12,0.0118121881623578,2.1498535098303466,2.8872715329697485e-10,8.290664118248969e-05,2.1316282072803006e-14,Non-Harmful,epoch_00659
1.7728392087690281e-09,0.38213891321679727,5.297803654102928e-10,0.1141951802961635,3.347926796903877e-11,0.007216520829244149,1.803306818107253e-10,0.03887062652153507,8.092753030208844e-11,0.01744408535528311,1.930171089330134,5.728749918887388e-09,0.0003201208310201764,0.0,Harmful,epoch_00660
5.810316420704065e-13,0.001928572416198023,1.756473997282723e-11,0.05830125341982774,1.7016314052265002e-10,0.5648090659851615,5.6087145236354e-11,0.18616562915693566,5.2925547516617655e-12,0.017567158767638712,2.1782092256836356,3.000837078825924e-10,7.593445479869843e-05,-1.4210854715202004e-14,Non-Harmful,epoch_00661
2.798972165152236e-09,0.4198159840676006,9.243357745880587e-10,0.13864051155952373,4.959644153701426e-11,0.007438937467597285,1.1675918652059858e-10,0.017512633172402974,1.1439557114079069e-10,0.01715811606466411,1.5714172866381337,7.661166812056308e-09,0.00044597467058338225,2.2737367544323206e-13,Harmful,epoch_00662
3.6146801107861393e-09,0.43574056589869725,9.184297697362176e-10,0.1107143911321195,3.8479580632966304e-11,0.00463861634409101,9.299041398014296e-11,0.011209759748850691,1.0382597906422042e-10,0.012515959776753361,1.3944562071524709,9.848312387816804e-09,0.0005026889848522842,-9.094947017729282e-13,Harmful,epoch_00663
1.956698580940497e-09,0.40901159689191446,3.909701650969821e-10,0.08172507156751241,2.2703938555579395e-11,0.0047458378386976635,1.153027708034049e-10,0.02410190862902107,6.856761426005109e-11,0.014332789769844038,1.6182692514426196,5.670016900438668e-09,0.00033337355125695467,-1.7053025658242404e-13,Harmful,epoch_00664
2.073699878479829e-09,0.40812896182463543,4.4101384696904056e-10,0.08679680477471463,4.045649752704161e-11,0.007962323046899398,1.3964483822764828e-10,0.02748377595112717,1.1242056244253895e-10,0.022125712555401165,1.6282293051030647,5.954243764705325e-09,0.00036904861917719245,4.405364961712621e-13,Harmful,epoch_00665
7.472138142602947e-13,0.0025578440044880147,1.711356685703269e-11,0.05858274237608928,1.6803451685643012e-10,0.5752116372657632,5.22347266352155e-11,0.17880863522607926,4.866029074904882e-12,0.01665727139591401,2.1465087375494636,2.9309252247422535e-10,8.330486161867157e-05,2.842170943040401e-14,Non-Harmful,epoch_00666
9.06782678458673e-13,0.0030013220231337235,1.766895375669708e-11,0.05848173029269346,1.6999666258010748e-10,0.5626648362187064,5.361191097183818e-11,0.1774478195542592,8.094240664009711e-12,0.026790788291997644,2.215733679511317,3.0109179038895206e-10,8.241561590693891e-05,-7.105427357601002e-15,Non-Harmful,epoch_00667
4.1021401770216515e-13,0.001280870259324092,1.7935873652171613e-11,0.05600375936626592,1.8066838303187893e-10,0.5641268914260357,6.234785983934982e-11,0.19467769494584156,4.3420410225213785e-12,0.013557779526078466,2.1688098308755044,3.211850785334036e-10,8.145449100993574e-05,-2.1316282072803006e-14,Non-Harmful,epoch_00668
3.131776522141694e-13,0.0010535064125856593,1.8535368227247384e-11,0.06235160506819241,1.6279491643622634e-10,0.5476300342293434,5.940979685200437e-11,0.19985015377532792,5.44611176902382e-12,0.018320316381965764,2.2511433012371715,2.892378281327268e-10,7.709602505201474e-05,0.0,Non-Harmful,epoch_00669
3.682419766250916e-13,0.001273652617631971,1.7211207827862174e-11,0.05952906320857188,1.5625852001210916e-10,0.5404573233739253,5.7599389721805366e-11,0.1992212136311422,4.482269969682123e-12,0.015502998686190022,2.2615052372184308,2.886492711517974e-10,7.606891449540854e-05,1.4210854715202004e-14,Non-Harmful,epoch_00670
1.9129884343271897e-09,0.4055331049034271,3.919347624226077e-10,0.08308598121803505,2.557634139199738e-11,0.0054219110532232025,1.5661752103546256e-10,0.03320124076449373,1.285310816112606e-10,0.027247215752636004,1.6537077041488117,5.616019649323789e-09,0.000318371516186744,-5.684341886080802e-14,Harmful,epoch_00671
2.0332859840266337e-09,0.40611106194107277,4.144472456196757e-10,0.08277812976600661,2.3469465953995794e-11,0.004687589358626217,1.44512396840768e-10,0.028863663747108814,8.579432390215525e-11,0.017135820667696217,1.6506844796780553,5.951628967437728e-09,0.00032432706211693585,-4.547473508864641e-13,Harmful,epoch_00672
6.20349691754507e-13,0.0020868596061002853,1.7403640594632064e-11,0.05854593794236528,1.6401353192252444e-10,0.5517423788104415,5.867793398525376e-11,0.1973928766804381,7.73168063860491e-12,0.02600941408762297,2.203905436806983,2.9651184285661714e-10,8.046183211263269e-05,5.684341886080802e-14,Non-Harmful,epoch_00673
2.078385241688352e-09,0.4074345819827836,4.459890191529925e-10,0.08742909925587235,2.2937741116224597e-11,0.0044965816615049016,1.0665155477512789e-10,0.020907351902825874,1.0254004763343705e-10,0.020101355901702794,1.6521380319208236,5.953149084803044e-09,0.00035744294291362166,-3.410605131648481e-13,Harmful,epoch_00674
6.41312632339297e-13,0.0022019262527569884,1.6424174032522026e-11,0.05639187216715586,1.620297715443364e-10,0.5563239981571616,5.371059022887814e-11,0.1844135803853444,6.045929219506557e-12,0.020758503106638883,2.2473890818529263,2.9707641902021464e-10,8.142424485413358e-05,-4.263256414560601e-14,Non-Harmful,epoch_00675
1.673653882150461e-09,0.38157526480755194,4.2837812463947245e-10,0.09766565123790291,3.975034017222878e-11,0.00906265431531135,1.2453133576423303e-10,0.028391818599924547,1.0070034302950281e-10,0.02295860599822603,1.9416930398563594,5.958839643938063e-09,0.0003596656024456024,-9.094947017729282e-13,Harmful,epoch_00676
7.408732915353822e-13,0.002527581632302744,1.6502001262859445e-11,0.0562986353601711,1.5957645621567096e-10,0.5444149820042884,6.150452169046902e-11,0.20983034630149164,6.061214301734258e-12,0.02067858851648529,2.2297796781134442,2.9108271348832204e-10,8.395238546654582e-05,-2.842170943040401e-14,Non-Harmful,epoch_00677
7.428362395686672e-13,0.0025331076007804416,1.872233488034447e-11,0.06384406988180248,1.6830312837834427e-10,0.5739218296321429,5.271756349598672e-11,0.17976944806011344,4.3798784586136785e-12,0.01493559794612477,2.1323393746630344,2.928271236601887e-10,8.055350190261379e-05,-8.526512829121202e-14,Non-Harmful,epoch_00678
1.989642894884014e-09,0.40693156397173147,4.201508212522964e-10,0.08593131523040028,1.7420437488369078e-11,0.0035629136718159965,1.0344482258631271e-10,0.021157044587280294,9.525262349707742e-11,0.019481535682480244,1.6540298234680275,5.68858160576724e-09,0.0003355623339302838,2.8421709430404007e-13,Harmful,epoch_00679
2.644444450743133e-13,0.0009317681167709996,1.6976519419831942e-11,0.059816645135797576,1.6077696812777376e-10,0.5664965008830817,5.4743459114783843e-11,0.19288818787847178,5.165634088012683e-12,0.018201074878933743,2.1486753927533644,2.8082294822873166e-10,7.96108870417811e-05,-4.618527782440651e-14,Non-Harmful,epoch_00680
4.670349393678941e-13,0.0016560035342470035,1.6566783210027192e-11,0.0587421822959118,1.6128361146616754e-10,0.5718763374868279,5.693443101955492e-11,0.20187701399028696,3.908007083089707e-12,0.01385693659283378,2.1032386564401584,2.8112359662380015e-10,8.085137233138084e-05,-1.4210854715202004e-14,Non-Harmful,epoch_00681
4.534096893511058e-13,0.0015638563792899729,1.6552900489099492e-11,0.0570926463055464,1.6145097064823588e-10,0.5568609059769888,6.093504059624319e-11,0.21017118556753217,4.6846506166452195e-12,0.016157838977967274,2.140723778514708,2.9910079968331615e-10,7.946846744744107e-05,0.0,Non-Harmful,epoch_00682
6.455398281896008e-13,0.0022407136254257065,1.965242411080398e-11,0.06821493044235459,1.584555542333277e-10,0.550010245519223,5.6248895515323416e-11,0.1952438270924373,7.404324983001365e-12,0.025700926808838516,2.2403007926596588,2.920215180779451e-10,8.982321014627814e-05,-1.4210854715202004e-14,Non-Harmful,epoch_00683
7.897874520178261e-13,0.002620673557561264,1.831970610367134e-11,0.060788468144846584,1.725365891824815e-10,0.5725110924807836,5.5294472451304644e-11,0.18347817689709656,5.035289676533217e-12,0.016708103523597095,2.1397353001689976,3.0460986510938426e-10,7.32170810806565e-05,0.0,Non-Harmful,epoch_00684
5.954187880588546e-13,0.002056137124022029,1.7718677978832698e-11,0.061187238816636694,1.6057020990611903e-10,0.5544910174506398,5.658145301032022e-11,0.19539058625427147,4.752130655129305e-12,0.016410352602525984,2.205092945885793,2.914639640749783e-10,7.86000891821459e-05,2.1316282072803006e-14,Non-Harmful,epoch_00685
4.912039199868323e-13,0.0015142563162474742,1.9886191868559444e-11,0.06130405401463924,1.8537312657107563e-10,0.5714580367769022,5.747440636480819e-11,0.17717892573580818,7.604705764847203e-12,0.02344336693797588,2.1705031391071024,3.2331159971477064e-10,8.352726581506431e-05,2.842170943040401e-14,Non-Harmful,epoch_00686
4.233655526847402e-13,0.0015436288265698083,1.6348198998965974e-11,0.05960700174417651,1.505188543249325e-10,0.5488052606189331,4.894334568704417e-11,0.17845183386365676,6.411646712688179e-12,0.02337743972962531,2.298799271988888,2.748237748484428e-10,8.08370386948809e-05,1.4210854715202004e-14,Non-Harmful,epoch_00687
8.490127004212589e-13,0.00290352117714008,1.7490534736687435e-11,0.05981552217331772,1.6152424536786114e-10,0.5523934645670844,5.176830616742886e-11,0.1770413719220229,5.67552553348491e-12,0.019409613742758163,2.27226928806247,3.017949223860228e-10,7.928286504466087e-05,2.842170943040401e-14,Non-Harmful,epoch_00688
1.686071393613986e-09,0.37264795703553394,6.870556207294598e-10,0.15184995985598818,7.138440359655274e-11,0.015777061555760884,1.4052240968065455e-10,0.0310576343822336,1.2569493709757573e-10,0.02778053272033937,1.9636573915083897,5.300922811812825e-09,0.00036300867213867605,0.0,Harmful,epoch_00689
6.457209983726231e-13,0.002209362299234996,1.794242131172158e-11,0.061390769857282174,1.7023440990193706e-10,0.5824643897561725,4.4620933413019176e-11,0.1526724518605641,4.626661196088094e-12,0.01583032121261726,2.172755109728012,2.998286618982604e-10,8.922458800952882e-05,4.263256414560601e-14,Non-Harmful,epoch_00690
3.6002842929150347e-09,0.4400775920865617,9.158958660937522e-10,0.11195372769471641,3.2134146905893335e-11,0.003927889256392984,9.587041403802399e-11,0.011718635954727639,9.700573504189958e-11,0.011857410921641802,1.3499941680924339,9.47765066428019e-09,0.0004836241132579744,1.3642420526593924e-12,Harmful,epoch_00691
2.1675230499340614e-09,0.4180937952881619,4.560616329030154e-10,0.08796978606134719,1.0941789575086291e-11,0.0021105631752480966,1.1308590869285595e-10,0.0218131552328567,9.618595243204853e-11,0.018553320531906295,1.5340951961655893,6.1132121587093025e-09,0.0003429471398703754,-2.2737367544323206e-13,Harmful,epoch_00692
2.044380664756318e-09,0.40651436752886105,4.284148921035458e-10,0.08518805323575929,4.396439462484025e-11,0.008742089172926357,1.2780612158869165e-10,0.025413576629642276,1.1468721458629538e-10,0.022804950812206883,1.6530138762738544,5.930880675464323e-09,0.00036476622335612774,-2.2737367544323206e-13,Harmful,epoch_00693
1.0458457017081813e-12,0.0033321450610502477,1.649857800292004e-11,0.05256574188428604,1.7174600630553982e-10,0.5471960211065545,6.113744802299995e-11,0.1947886243088452,4.495845481924249e-12,0.01432411042410059,2.280744248937107,3.0884966806254965e-10,8.773617446422577e-05,0.0,Non-Harmful,epoch_00694
1.0995494879179057e-12,0.003741419259525913,1.8185117257527028e-11,0.06187820438431101,1.6750006937016337e-10,0.5699497770674651,5.098047857346813e-11,0.17347044993473068,5.972639050000339e-12,0.020323002299953073,2.187138722753681,2.9823077341006865e-10,9.103862976189703e-05,2.842170943040401e-14,Non-Harmful,epoch_00695
2.9426531740830986e-13,0.0010334794601972422,1.6655500871716467e-11,0.05849523213206961,1.4941080317409927e-10,0.5247407257232006,6.042197650416373e-11,0.21220601942337555,4.541022018047375e-12,0.015948372799379256,2.330888593585195,2.8785859806923497e-10,9.547601803205907e-05,-2.842170943040401e-14,Non-Harmful,epoch_00696
9.547168828075159e-13,0.0033263716261560925,1.7928025708956186e-11,0.062463833106104316,1.60193851239665e-10,0.5581385340974686,5.464845557415915e-11,0.19040311877650573,4.376768424681904e-12,0.015249293863229013,2.205958386884153,2.9174551663402326e-10,8.273644198197871e-05,-2.842170943040401e-14,Non-Harmful,epoch_00697
4.074327542014089e-09,0.45284353445720993,9.430066658100422e-10,0.10481103130727427,1.9330638652281795e-11,0.002148515218854286,9.065362089472062e-11,0.01007575008979661,9.330251501959985e-11,0.010370162987518692,1.1674038133718563,1.0735700328723397e-08,0.00047708541387692094,0.0,Harmful,epoch_00698
1.857536124916237e-09,0.40105741434299313,5.301445185623699e-10,0.11446258675175038,2.3703013510290027e-11,0.005117676680986553,1.2718810900314015e-10,0.027460964795112324,8.861775722956988e-11,0.01913330680498558,1.753533500947917,5.950956616374015e-09,0.00039588799700140953,9.094947017729282e-13,Harmful,epoch_00699
7.630023999768976e-13,0.002529925382247593,1.8331532797809247e-11,0.06078278406737132,1.6834779403840372e-10,0.5581992365896141,5.1419741403137265e-11,0.17049501931886885,4.43076136761103e-12,0.014691298018119745,2.2693916869275124,3.0477287360497485e-10,8.229797822423279e-05,-1.4210854715202004e-14,Non-Harmful,epoch_00700
2.0420742874449616e-09,0.40787559654029043,4.405582669508856e-10,0.0879953129267302,2.9079846169954848e-11,0.005808289971032649,1.273021479897274e-10,0.025426812271916354,1.1878883814098185e-10,0.02372639845522115,1.6406850162487134,5.816017889515024e-09,0.00032519150408916175,0.0,Harmful,epoch_00701
3.730511455302121e-09,0.44630148407761083,8.657377974230496e-10,0.1035729466164305,1.884089672471445e-11,0.0022540394984290604,1.1691640884603505e-10,0.013987349296796162,8.954892122964297e-11,0.01071322710604089,1.2373199744313892,9.93910553859223e-09,0.0005355963367037475,0.0,Harmful,epoch_00702
3.5595628666840184e-09,0.43690663708955213,8.975168802605182e-10,0.11016270721214337,3.05988741289287e-11,0.003755756449625725,1.3917422249376532e-10,0.017082474392691168,8.626653297955089e-11,0.010588497023113904,1.3421099090720299,9.596345051932076e-09,0.0005013582995161414,4.547473508864641e-13,Harmful,epoch_00703
3.1591764759753005e-09,0.4230197718681445,7.671596934100133e-10,0.10272415009438578,3.6300564984492745e-11,0.0048607150740713895,1.2233848743076203e-10,0.01638135743198014,8.676131861562464e-11,0.011617506488437108,1.5326857753029566,9.037216308627194e-09,0.00045265734661370516,-1.3642420526593924e-12,Harmful,epoch_00704
4.779850560493459e-13,0.001473874894384346,1.8412987714405693e-11,0.05677675479475293,1.7391342532757648e-10,0.5362649483339478,6.976676658262959e-11,0.21512698865191063,5.002676875184853e-12,0.015425837602527227,2.2465180900445496,3.1832045332969017e-10,9.35840726015158e-05,-2.842170943040401e-14,Non-Harmful,epoch_00705
6.684406717374913e-13,0.0023368238210136156,1.6059092207074133e-11,0.05614151083266607,1.57976270953597e-10,0.5522744631317761,5.82760209988549e-11,0.20372906650045144,5.8648733113932094e-12,0.02050320430931666,2.1947790185777056,2.9035407411726055e-10,7.725878094788641e-05,-1.4210854715202004e-14,Non-Harmful,epoch_00706
3.436393693472678e-13,0.0011485577244090492,1.6945784917432247e-11,0.05663848178996758,1.6085603682380878e-10,0.5376346836008444,5.7430687755346405e-11,0.19195256982580589,6.7051148162390606e-12,0.022410736668121423,2.3102920059610565,2.9325736283780657e-10,8.787805563770235e-05,-1.4210854715202004e-14,Non-Harmful,epoch_00707
2.0698085467785177e-09,0.4188094333012664,4.423297318700836e-10,0.08950193225607254,3.225507014259499e-11,0.006526559023315466,1.1845194356624456e-10,0.02396781646091102,9.454268357772522e-11,0.01912996629258049,1.5308511649792307,5.8045417361540785e-09,0.0003231869195587933,-3.694822225952521e-13,Harmful,epoch_00708
4.618334252352863e-13,0.0014905295284396679,1.9163746544509364e-11,0.06184942132668837,1.7612972885716616e-10,0.5684442644313397,5.983438543894978e-11,0.1931105750246615,4.5331057700950805e-12,0.0146302273431696,2.1178432518260695,3.0836466713424215e-10,8.450931636616588e-05,5.684341886080802e-14,Non-Harmful,epoch_00709
7.641581594927671e-13,0.002502767267743006,1.7609677008690455e-11,0.0576751326481049,1.637525740005863e-10,0.5363216725832932,6.919782206005892e-11,0.22663638659041188,3.6128050421094238e-12,0.011832642355255702,2.1809019684517748,3.0207739087906305e-10,8.539544069208205e-05,2.842170943040401e-14,Non-Harmful,epoch_00710
1.1107720646053032e-12,0.003568694426870521,2.101433458669144e-11,0.06751496649365783,1.8013329716737303e-10,0.5787332200539628,4.9627000479977174e-11,0.15944189242653165,6.3398998507643856e-12,0.02036886413089587,2.1737595078994727,3.126139902498437e-10,7.933704182505608e-05,5.684341886080802e-14,Non-Harmful,epoch_00711
3.7533505192755e-09,0.4409803994396989,8.984187560567847e-10,0.10555503939091544,5.313072204415903e-11,0.006242317872852287,1.2074376481291393e-10,0.014186160701913267,1.1135211242657705e-10,0.013082737347378005,1.2899808066928324,1.001448524107218e-08,0.00048255323781631887,-4.547473508864641e-13,Harmful,epoch_00712
1.8772463583616172e-09,0.3896441936657981,6.220571280302067e-10,0.12911515155471234,1.0179129761311856e-10,0.0211279611245455,1.177072241759225e-10,0.0244314957641973,9.732806661305604e-11,0.020201565909331795,1.8176716999492426,5.68730929018102e-09,0.0003667658311314881,0.0,Harmful,epoch_00713
2.0954045165666457e-09,0.40556740124646645,4.657533143881398e-10,0.09014696677653096,4.08696358006333e-11,0.007910354230175777,1.1631897528507906e-10,0.022513640754826078,6.936959253550645e-11,0.013426546114470403,1.6677747401098235,5.955866466678117e-09,0.0003314196947030723,-7.389644451905042e-13,Harmful,epoch_00714
6.213191853371436e-13,0.00204972803651879,1.818791374019052e-11,0.06000181162734353,1.6771457139741486e-10,0.5532893032097111,5.881817103682574e-11,0.19404077175810944,4.540070549325856e-12,0.014977663835821916,2.2245146177737722,3.109458801553444e-10,7.965447730384767e-05,2.1316282072803006e-14,Non-Harmful,epoch_00715
7.487771253728015e-13,0.00244421347749043,1.9687502496312792e-11,0.06426539661672488,1.853402362139711e-10,0.6050012586187148,4.509049340503668e-11,0.14718771174054257,5.1538864322131506e-12,0.016823695933283957,2.1109573784573907,3.0989547039617094e-10,8.182873716577888e-05,7.105427357601002e-15,Non-Harmful,epoch_00716
4.595313929725564e-13,0.0015366831292117004,2.0801677546276875e-11,0.06956126922665874,1.6800028035390824e-10,0.5617966486526947,5.218996895349666e-11,0.17452440906406216,5.530703065664833e-12,0.01849479322557217,2.212923477223098,3.004752835433777e-10,8.681394683662802e-05,0.0,Non-Harmful,epoch_00717
1.9900998626809496e-09,0.4078015686974506,4.0199711615063194e-10,0.08237529063352377,3.450515047298541e-11,0.007070627336293082,1.1047280104592438e-10,0.022637548200339655,1.3398007876752605e-10,0.027454545030720652,1.6272933424519591,5.771204847349054e-09,0.00034899034653790295,-2.2737367544323206e-13,Harmful,epoch_00718
8.361337880749553e-13,0.0028935950830877755,1.8726589614929956e-11,0.06480681489683598,1.649582345719658e-10,0.5708683745112456,5.0211475927618154e-11,0.1737660670228906,4.389316546945382e-12,0.015190038914225048,2.172430844286439,2.924083752908757e-10,7.931682193884626e-05,1.4210854715202004e-14,Non-Harmful,epoch_00719
7.793961331360733e-13,0.0026173099467300134,1.7113327573613224e-11,0.057468699902116324,1.6310326700352817e-10,0.5477212227815419,6.015996506297458e-11,0.20202470638478687,6.849173897309491e-12,0.023000384793007388,2.220627120070985,3.02746494540429e-10,8.524201984982938e-05,2.842170943040401e-14,Non-Harmful,epoch_00720
2.0669188582900233e-09,0.4098231657654147,4.3913105530341e-10,0.08706973597368894,2.5210318208013227e-11,0.004998634743943943,1.044393677443467e-10,0.020707959651080177,1.1311515960010787e-10,0.022428172551354052,1.6265259547658624,5.9100777605181065e-09,0.00034863955806940794,-5.115907697472721e-13,Harmful,epoch_00721
7.820364364766186e-13,0.0025123280543212414,2.0562943492050123e-11,0.06605940261204758,1.691494236344404e-10,0.5434003104557118,6.34521398097665e-11,0.20384292024679362,4.963737320479167e-12,0.015946234654622776,2.2205033777338454,3.0956054386521714e-10,8.035278733586892e-05,0.0,Non-Harmful,epoch_00722
2.1007269257466987e-09,0.4115716990391738,4.579573100946255e-10,0.08972240318006072,2.8708199012461577e-11,0.005624473175976337,9.03434462656838e-11,0.017699971005705674,1.318608954664624e-10,0.025834015891745946,1.6119374461296467,5.886023224377368e-09,0.000344131316523999,-1.0231815394945443e-12,Harmful,epoch_00723
9.941266559954087e-13,0.0035698677202810124,1.680968959947432e-11,0.06036290036808346,1.4743696541419382e-10,0.5294400471349491,5.516487315776822e-11,0.19809477876048698,5.320102485720929e-12,0.019104268070697053,2.347911597831418,2.8039104371657686e-10,7.432312122546136e-05,0.0,Non-Harmful,epoch_00724
1.9789345717668994e-09,0.40752970837173647,4.1358566398030927e-10,0.08517130754764535,2.4898876363477207e-11,0.005127522641707134,1.5235850688716246e-10,0.03137578107205468,1.16605907221623e-10,0.024013108893247054,1.6395995948697304,5.6555915506351084e-09,0.0003320171672385186,-9.663381206337363e-13,Harmful,epoch_00725
4.063802183651433e-09,0.44884414118147853,8.830933970194188e-10,0.09753705506700266,2.712641049285036e-11,0.0029960932817993703,7.776885645877085e-11,0.008589516420934308,1.0031810625255044e-10,0.011080065468496846,1.2108480567863669,1.1074003047895076e-08,0.0005255487631075084,9.094947017729282e-13,Harmful,epoch_00726
3.017537775207302e-09,0.42740414902384627,9.213609319935756e-10,0.13050159249637855,4.2211687270587994e-11,0.005978864763509699,1.30159936648222e-10,0.018435857677476557,1.0765524756373157e-10,0.015248292780615545,1.4695442940077588,8.71095195975613e-09,0.0004932755255140364,-4.547473508864641e-13,Harmful,epoch_00727
5.161971653074027e-13,0.0016928327625219148,1.8860021617356226e-11,0.06185013138675272,1.735284485548938e-10,0.5690744984397343,5.32426875483015e-11,0.1746056970165811,6.3385140235475146e-12,0.020786716638352604,2.1655044849657425,2.97474489485694e-10,8.611147495685145e-05,-1.4210854715202004e-14,Non-Harmful,epoch_00728
6.521288500524469e-13,0.00219445385536241,1.7121201483470683e-11,0.057613900383056485,1.629750709386535e-10,0.5484211789135345,6.13550192097613e-11,0.2064634288758534,5.167238490387527e-12,0.017388076644509743,2.196243660137663,2.939704313309477e-10,8.839450310915709e-05,-7.105427357601002e-14,Non-Harmful,epoch_00729
9.884776374161075e-13,0.0031944968897119194,2.0576636965488615e-11,0.066498219381886,1.712084155003346e-10,0.5533000748888895,5.493711562054582e-11,0.17754215000586918,6.1119861342190385e-12,0.019752314019731345,2.243643171312693,3.0746874490894527e-10,8.430055459029973e-05,-2.842170943040401e-14,Non-Harmful,epoch_00730
3.8642551380974055e-09,0.4460301862850959,8.238681889483068e-10,0.09509467378800057,4.080230250891326e-11,0.00470959031909882,1.1532970368641204e-10,0.013311887383497766,1.2348657252997386e-10,0.014253390881527214,1.2535708486835317,1.1064576810326798e-08,0.0004980217199772596,0.0,Harmful,epoch_00731
8.49355633568416e-13,0.002969993668582697,1.6394275802363023e-11,0.05732686451898905,1.5617487858499146e-10,0.5461062271882061,5.7232041425926e-11,0.20012677135127402,5.659575455854715e-12,0.019790182823813073,2.248479425419595,2.8746238722732187e-10,8.229318336816505e-05,-2.842170943040401e-14,Non-Harmful,epoch_00732
2.3308051044779177e-09,0.4198703687806708,5.244185398434187e-10,0.0944685616555647,1.40403591530891e-11,0.002529225100843878,1.0502885627178271e-10,0.018919859292707016,8.453641562808367e-11,0.015228358620361787,1.5291225297514441,6.359789139764871e-09,0.0003347208257764578,6.821210263296962e-13,Harmful,epoch_00733
2.0288350999209115e-09,0.4138016394684488,4.333276272527886e-10,0.08838159522731381,1.9984542666551253e-11,0.004076051582392498,7.427097912376945e-11,0.015148324734494583,9.031665866576777e-11,0.018421004954352314,1.5833959197361502,5.677745384957689e-09,0.00035907886922359467,-6.679101716144942e-13,Harmful,epoch_00734
2.6325919222358607e-09,0.40365694226574367,9.335889145090093e-10,0.14314776376121482,1.0148593077019541e-10,0.015560900324763597,1.1126713786446807e-10,0.01706065883803475,1.0026932929785293e-10,0.015374358071050122,1.7061532720074988,7.255791967253344e-09,0.00044037128100171685,2.2737367544323206e-13,Harmful,epoch_00735
2.2244845965246896e-09,0.41738162089939346,4.67456637634478e-10,0.0877092201136729,3.3252438996767e-11,0.006239178688408045,1.1864809698960976e-10,0.02226202650066412,1.4779491692984426e-10,0.027730864976652555,1.5382780550632198,6.147285347424258e-09,0.00033336831256747246,-5.115907697472721e-13,Harmful,epoch_00736
7.358059474216194e-13,0.0024023280998508732,1.742759609584324e-11,0.05689924627628181,1.662077905861814e-10,0.54265074526575,6.015524038095743e-11,0.19640045697762176,4.56809839521205e-12,0.014914355036346841,2.2757700436003523,3.024305250676207e-10,8.642725879326463e-05,5.684341886080802e-14,Non-Harmful,epoch_00737
2.2685446854353586e-09,0.4184593919967147,4.859567331871872e-10,0.08964035860161794,2.799667182112886e-11,0.005164310997891061,1.8338417936969442e-10,0.03382733992129046,7.129702557506779e-11,0.013151563716097327,1.5294007893112298,6.378772177129122e-09,0.00034059793688356876,-5.684341886080801e-13,Harmful,epoch_00738
2.7551085857169255e-09,0.4261450019707668,6.206094579214172e-10,0.09599244837029877,2.107193065870039e-11,0.003259290025312404,1.2882238418360226e-10,0.019925535946712945,6.418623358511732e-11,0.009927972632159724,1.4672829800268603,8.217122093867602e-09,0.00044096296187490225,9.094947017729282e-13,Harmful,epoch_00739
2.1405224259751776e-09,0.4044531916204808,4.489240333638289e-10,0.08482450633817624,4.419305546510266e-11,0.00835030837024689,1.1636608863996312e-10,0.021987452864635694,1.0415566412819155e-10,0.01968028471498313,1.6771563498071644,7.775351917871376e-09,0.00041079206857830286,0.0,Harmful,epoch_00740
5.269140701015529e-13,0.0017295653534250776,1.848288362638062e-11,0.06066901031019054,1.6888829917904857e-10,0.5543662001712611,5.6097296024983784e-11,0.18413617159045062,6.044370733093718e-12,0.01984030185643096,2.233415030414575,3.0458979782821416e-10,7.746569463051856e-05,-1.4210854715202004e-14,Non-Harmful,epoch_00741
1.1358971489100478e-12,0.0038315151465016543,1.8474155148370808e-11,0.0623155057108165,1.746588013107342e-10,0.5891447507673038,4.7956107184291e-11,0.1617616095085547,4.140491497838655e-12,0.013966366499953628,2.1100742665833288,3.011178251188795e-10,8.254285785369575e-05,-1.4210854715202004e-14,Non-Harmful,epoch_00742
1.6654058132559157e-09,0.3867460452393382,5.779319384169312e-10,0.1342092658865402,3.32022924778852e-11,0.007710346154969694,9.054359692561853e-11,0.02102633349421766,1.0124174068537606e-10,0.023510691815508297,1.8832333044306715,5.404658498520121e-09,0.00033077027183026075,0.0,Harmful,epoch_00743
4.1047623199758076e-13,0.001393595674285888,1.818764344858892e-11,0.06174832855013387,1.661773982308823e-10,0.5641839533841897,5.538115961916529e-11,0.18802293157539002,4.800500762961596e-12,0.016298037684454317,2.17620693340936,2.9506996845896083e-10,7.584484410472214e-05,8.526512829121202e-14,Non-Harmful,epoch_00744
1.9997532518800654e-09,0.3844744497807829,7.175077754162373e-10,0.13794872287730436,1.1563581689411073e-10,0.022232251420777286,1.1720020526989616e-10,0.022533022208102216,9.404251682942899e-11,0.018080703146751642,1.8404504537943593,6.184484924176559e-09,0.00033188372617587447,-6.821210263296962e-13,Harmful,epoch_00745
7.490732751962159e-13,0.0027177671520316822,1.6852955717159418e-11,0.061145432602361494,1.5961762467320284e-10,0.5791202964870423,4.728255504141132e-11,0.1715492718946848,4.1052293942717144e-12,0.01489448091227664,2.157493832093665,2.824819267388534e-10,7.322538294829428e-05,1.4210854715202004e-14,Non-Harmful,epoch_00746
8.39356362192234e-13,0.0029044361493819133,2.076837280710203e-11,0.07186508074739839,1.6291375193322466e-10,0.5637326547575828,5.208686845552257e-11,0.18023689396384485,5.125207983708302e-12,0.017734826363982388,2.207248482797857,2.8348057234950375e-10,8.02813156042248e-05,-1.7763568394002505e-14,Non-Harmful,epoch_00747
2.1272175132480697e-09,0.39065668537695275,6.81029149740553e-10,0.12506882282879317,4.014252472095414e-11,0.007372046136553948,1.2962179506831317e-10,0.023804627640865352,1.409818008862862e-10,0.025890856336837315,1.820714578938225,6.7378387313965504e-09,0.00037739583058282733,9.094947017729282e-13,Harmful,epoch_00748
2.4582238467019124e-09,0.3947348603010027,8.68301736067778e-10,0.13942951735078285,1.765929832919788e-10,0.02835681814877023,1.35807022745571e-10,0.021807520183034255,7.914935460512362e-11,0.012709586832332347,1.7650560457381383,6.820639164573095e-09,0.00043293743510730565,2.2737367544323206e-13,Harmful,epoch_00749
1.648824632383139e-09,0.38538224125892445,4.362807719260342e-10,0.1019725557229297,3.362376523041721e-11,0.00785893281163149,8.782698960457802e-11,0.02052793331205613,1.243919602739174e-10,0.029074318459001457,1.8814839953126685,6.151270603993453e-09,0.0003442722954787314,9.094947017729282e-13,Harmful,epoch_00750
8.844215507522457e-13,0.0029117355231325797,2.002182209089043e-11,0.06591681373017272,1.7354057774143783e-10,0.5713387066211905,4.7617479620801206e-11,0.15676857581771958,7.326344229636322e-12,0.02412014579471203,2.255418183023148,2.974417934176188e-10,8.06304014986381e-05,-7.105427357601002e-15,Non-Harmful,epoch_00751
6.124411416376374e-13,0.0021785220380001304,1.6322223032796263e-11,0.05805998351289527,1.5288727922557754e-10,0.5438372514168333,5.548659356416005e-11,0.19737205532903132,4.8310440392031195e-12,0.017184567120704975,2.256506084319835,2.811815780212612e-10,7.931441359687597e-05,-2.842170943040401e-14,Non-Harmful,epoch_00752
1.7402029253363316e-12,0.005932561091687098,1.9010332587623968e-11,0.06480851043712164,1.6405155706111785e-10,0.5592714908598219,4.970439045157843e-11,0.1694482457108082,6.082367574010428e-12,0.020735522673563773,2.2525045127445105,2.94057278527049e-10,8.824914402794093e-05,-2.1316282072803006e-14,Non-Harmful,epoch_00753
2.1955421924957363e-09,0.40934670955518127,5.499702568356746e-10,0.10253891533416228,3.852931168557561e-11,0.0071835772565992245,1.1296809668270846e-10,0.021062277381794427,1.0144192864186552e-10,0.018913287042448757,1.671040690698492,7.033511550957883e-09,0.00036002352135255933,-9.094947017729282e-13,Harmful,epoch_00754
4.94022791425186e-13,0.0016282676193010643,1.7798581944221403e-11,0.05866299116614968,1.6526403856520488e-10,0.5446997330919633,5.742056439703158e-11,0.18925451884508238,6.4069481599433875e-12,0.021116892597770345,2.2981408528208775,3.0389607497127713e-10,8.974353113444522e-05,-2.1316282072803006e-14,Non-Harmful,epoch_00755
5.961512750465858e-13,0.001854793685405043,1.924603954938514e-11,0.05987982265485506,1.722508385926247e-10,0.5359206313906772,7.306865811192165e-11,0.22733707255162972,4.871342587121907e-12,0.015156111960562895,2.191186290312948,3.1111516141102413e-10,9.17413635761477e-05,1.4210854715202004e-14,Non-Harmful,epoch_00756
6.617714189138812e-13,0.0021277674779574744,1.834137204094477e-11,0.05897228833770382,1.7687412645628342e-10,0.5686963855034558,5.6748178123853035e-11,0.18246017339861204,4.468496129757596e-12,0.014367378929542976,2.1673172816661896,3.116835678440566e-10,8.557281398680061e-05,-2.842170943040401e-14,Non-Harmful,epoch_00757
1.8552679392769278e-09,0.3877755157402361,4.586091627983846e-10,0.09585537531395699,3.491316090398211e-11,0.007297311988768583,9.51300982432457e-11,0.01988344762917161,1.1635354832395528e-10,0.024319429153242925,1.884150654072047,6.625809678695305e-09,0.00037902838084846735,-9.094947017729282e-13,Harmful,epoch_00758
1.751292222351708e-09,0.38175411675691795,6.01524600962744e-10,0.1311228873270088,3.798879960603685e-11,0.00828095988502921,1.353542451731915e-10,0.02950509324252219,8.294688807336525e-11,0.018081114956167044,1.9279996380614992,5.746699560660318e-09,0.00035195081727579236,9.094947017729282e-13,Harmful,epoch_00759
2.114913133510754e-09,0.41330451582104666,4.2910397891199326e-10,0.0838571615216669,2.7627592921741773e-11,0.005399091213201072,1.3609906777956038e-10,0.02659700695080155,9.602028373800753e-11,0.0187646557442568,1.5792605066277585,6.0105844745805825e-09,0.00035207311157137156,-7.389644451905042e-13,Harmful,epoch_00760
1.1608756490810723e-12,0.003997796938873765,1.860139733217414e-11,0.06405906556159227,1.652645797989294e-10,0.5691343700312883,4.717508783787239e-11,0.1624604856675533,5.876546916184361e-12,0.020237517507811206,2.218107801803308,2.89977319933854e-10,7.578670920338482e-05,2.842170943040401e-14,Non-Harmful,epoch_00761
3.9946675524718533e-13,0.0013087354933959347,1.748936260571876e-11,0.05729875965476111,1.714728359303308e-10,0.5617803824411315,5.830013007730381e-11,0.19100325245978023,5.591224586185689e-12,0.018318005119002372,2.199650911384365,3.135613990679076e-10,8.64248868310824e-05,3.552713678800501e-14,Non-Harmful,epoch_00762
7.113639104855407e-13,0.0024316632580500324,1.82032728734266e-11,0.06222445244988293,1.6345624853641993e-10,0.5587443332533043,5.3551628084215486e-11,0.18305613273558652,5.445401616600842e-12,0.018614077606743676,2.2136192761053586,2.9379970678533596e-10,8.34211241453886e-05,7.105427357601002e-14,Non-Harmful,epoch_00763
2.2284387668491945e-09,0.39703657432989903,4.662413267964016e-10,0.08306930482276857,4.27384828916022e-11,0.00761463186324431,1.3340314616860915e-10,0.023768177500566586,1.1016740644742562e-10,0.019628311223709543,1.7337147295073094,7.997815743010506e-09,0.00044403356150723994,-4.547473508864641e-13,Harmful,epoch_00764
8.782043560244535e-13,0.0027646754185972483,1.928707139744329e-11,0.060717635734155694,1.7626499565492892e-10,0.5548998901034414,5.774761029607445e-11,0.1817952707397467,6.762105686595327e-12,0.021287787109503027,2.250453437533206,3.137544668518899e-10,8.197590068448335e-05,-1.4210854715202004e-14,Non-Harmful,epoch_00765
1.8272243718087111e-09,0.40061283719552193,4.69765525090704e-10,0.1029945214866764,1.842078052594065e-11,0.004038694570688257,1.0179238788682321e-10,0.02231764086852736,7.366263501951131e-11,0.01615028655799585,1.7507073447353174,6.110520089919191e-09,0.0003654574975371361,9.094947017729282e-13,Harmful,epoch_00766
2.272926735713554e-09,0.40623704778203235,5.358557417234344e-10,0.09577275463145986,2.7125736552779944e-11,0.0048481453286504965,8.75537255543013e-11,0.015648356118408584,1.0676969464801234e-10,0.019082799663043683,1.6730478146584216,7.686685066232712e-09,0.0004442788485903293,0.0,Harmful,epoch_00767
2.4473183479756244e-09,0.39961697992283174,8.252456079604897e-10,0.13475245581374473,1.1473220637436832e-10,0.018734357893869225,1.3938578243000155e-10,0.022759983581593656,8.820079475807541e-11,0.014402104759755058,1.7259114889359841,7.003303714725462e-09,0.00042587623465806246,-4.547473508864641e-13,Harmful,epoch_00768
1.0120064508623017e-12,0.003190047844066943,2.0078638296276707e-11,0.06329190565362579,1.8146398272911313e-10,0.5720109653328419,5.4492914087350686e-11,0.17177262353728912,4.382739505516542e-12,0.013815276274935926,2.178647107284198,3.0895974667544124e-10,8.207246719393879e-05,-2.842170943040401e-14,Non-Harmful,epoch_00769
4.4318222052266987e-13,0.001509887219392775,1.7453869133408212e-11,0.05946396925040694,1.6397500024467604e-10,0.5586500218293368,5.2164770007918915e-11,0.17772129812570264,5.701131081982391e-12,0.019423308422923953,2.2491264838204157,2.9637156617745575e-10,8.395300392294303e-05,-2.1316282072803006e-14,Non-Harmful,epoch_00770
2.0772485953557407e-09,0.41011812716637086,4.5665560742536027e-10,0.09015904157838027,3.304101610368537e-11,0.006523398150040249,9.834783768619682e-11,0.019417142027633817,1.1623914244335287e-10,0.022949482073968533,1.6158041023692302,5.939091440865241e-09,0.0003421574365347624,2.5579538487363607e-13,Harmful,epoch_00771
2.032668700024942e-09,0.40904560139076385,4.30246744481666e-10,0.08658102441424019,2.183577537534509e-11,0.00439413853823403,1.2637578310215059e-10,0.02543132493731694,1.0220481318906627e-10,0.02056726178517891,1.621952160696319,5.821108484127535e-09,0.0003667437704280019,-1.7053025658242404e-13,Harmful,epoch_00772
3.1663358601718983e-09,0.4258503974032713,7.810566499122373e-10,0.10504674786506592,1.3194527068161044e-11,0.0017745731481623541,1.3601509935706746e-10,0.018293095449106293,1.1277166353518275e-10,0.015167013182764002,1.4910587550632726,8.975897358709517e-09,0.0004514071624726057,-9.094947017729282e-13,Harmful,epoch_00773
5.125422113637368e-13,0.0017846982543291885,1.7516102175478554e-11,0.06099196569986165,1.645071648348484e-10,0.5728223810566139,4.6645837799980105e-11,0.16242319841685718,6.121811824827406e-12,0.02131646259540499,2.218904234276546,2.87128043563456e-10,8.51224540383555e-05,-2.842170943040401e-14,Non-Harmful,epoch_00774
7.836922300344384e-13,0.002657520272179891,1.7483986806086926e-11,0.059288643672861144,1.6800441593467497e-10,0.5697072448230363,5.087450634919978e-11,0.17251674417417892,5.186631072545689e-12,0.01758799780240592,2.1870869668725006,2.951070499079833e-10,8.453399641439319e-05,1.4210854715202004e-14,Non-Harmful,epoch_00775
3.9985755592025773e-13,0.0012585173410752232,1.7050534757961228e-11,0.05366509485637784,1.7860285472792725e-10,0.5621371573767671,6.293259072502264e-11,0.19807492836780527,7.171549161813506e-12,0.02257183551713528,2.1496134823985695,3.122303526836845e-10,8.546271419618279e-05,2.842170943040401e-14,Non-Harmful,epoch_00776
2.9841646931316745e-09,0.42651664379471155,6.191866862986783e-10,0.08849827488754765,3.142771633213304e-11,0.0044918580140583956,1.1627925271956441e-10,0.016619403321489985,9.575795364979989e-11,0.013686362921377829,1.4562309703989984,9.419439450653044e-09,0.00047679420094937086,-9.094947017729282e-13,Harmful,epoch_00777
2.1414676698583435e-09,0.41243983765405584,4.4762341229465097e-10,0.08621084039488333,2.875511460886937e-11,0.005538143287398015,7.859002294427486e-11,0.015136187559866074,1.074963217398417e-10,0.02070344843904239,1.5881233619151205,6.010114184107351e-09,0.00035554246278479695,1.1368683772161603e-13,Harmful,epoch_00778
3.0352422797363943e-09,0.4199465197628129,6.790427525826814e-10,0.09395020707935833,5.368924402282538e-11,0.00742827395579112,1.1727848379938788e-10,0.016226280005196065,1.0277019513171837e-10,0.014218959082455357,1.5319306682040033,9.16257292260525e-09,0.0004508746787905693,9.094947017729282e-13,Harmful,epoch_00779
7.158106030656641e-13,0.002531573655263313,1.6500836721305978e-11,0.05835773227520585,1.5113395257504436e-10,0.5345083337913328,5.6758539057968904e-11,0.20073525255842953,6.054781350774141e-12,0.02141366010834757,2.2912147049522296,2.8325380929672406e-10,8.032492769416422e-05,0.0,Non-Harmful,epoch_00780
2.887323269362696e-09,0.42381880272966727,6.63948361567801e-10,0.0974583631351055,2.687377403942648e-11,0.003944695372032698,1.0785760565928948e-10,0.015831992829087836,7.628570518336542e-11,0.011197677994448688,1.508154436028284,8.727328193458561e-09,0.00046980218030512333,-4.547473508864641e-13,Harmful,epoch_00781
3.672892656680915e-09,0.4377793094692491,8.752793143051996e-10,0.10432626532448565,3.53547208870042e-11,0.004213998813234404,1.1861143837943455e-10,0.0141375309442958,8.454481038866479e-11,0.010077062460247584,1.3604208543206815,1.0054357346689358e-08,0.0004901938373222947,0.0,Harmful,epoch_00782
3.1242239906248415e-09,0.42664322144765615,8.737429009475495e-10,0.1193181049425102,2.094043341505092e-11,0.002859620180088515,1.6588949658391527e-10,0.022653826818843585,1.307162104252635e-10,0.01785057194318207,1.5205908343102426,8.969576192896511e-09,0.0004959328798577189,-4.547473508864641e-13,Harmful,epoch_00783
2.1361963309374232e-09,0.4092488985623895,4.4568201559846976e-10,0.08538301061152906,3.467687768876626e-11,0.006643337877788916,8.947267276029902e-11,0.017141024094221288,1.1708668930243693e-10,0.022431270918020645,1.6127033329399065,6.115822515084801e-09,0.00034200053778477013,-1.7053025658242404e-13,Harmful,epoch_00784
2.8302622467890615e-09,0.42513078537717036,7.730976414599411e-10,0.1161262027432182,5.916394978100481e-11,0.00888695613452411,1.309801607451977e-10,0.01967439542735207,6.988743264657593e-11,0.01049771948261701,1.4511872587946155,8.93593199435827e-09,0.000548416341189295,4.547473508864641e-13,Harmful,epoch_00785
2.1051258514148685e-09,0.42037192249694016,4.351394002066744e-10,0.08689285065598487,5.39983821545853e-11,0.010782920034349051,9.637668094142349e-11,0.019245429257348512,9.221715491919413e-11,0.018414814807639773,1.5050722782460306,5.914578604659937e-09,0.0003196592442691326,8.526512829121202e-14,Harmful,epoch_00786
2.6405926334405194e-09,0.39848985986855956,8.983004617935109e-10,0.13556185100522503,1.2530828805146221e-10,0.018910180053382724,1.16895507162873e-10,0.017640613579954053,1.2560793551108507e-10,0.018955399627459738,1.7364758616031384,7.281034886119642e-09,0.00046763347927480936,-4.547473508864641e-13,Harmful,epoch_00787
7.787664285142937e-13,0.0025235786418334105,2.17194907892182e-11,0.07038162029112496,1.7310936017977951e-10,0.5609577763701976,5.926755717059959e-11,0.19205545585048361,5.616428275147939e-12,0.018199935076287713,2.1619309477954594,3.0996616384726394e-10,8.585945761296898e-05,-2.842170943040401e-14,Non-Harmful,epoch_00788
5.407849732255721e-13,0.0017763670780679636,1.8730746337639048e-11,0.06152663773803751,1.7229175031108213e-10,0.5659428575646669,5.570241479440491e-11,0.18297094170254177,3.8430615840242405e-12,0.012623664515176596,2.183748785462541,3.028228501289476e-10,8.258760499302298e-05,-4.263256414560601e-14,Non-Harmful,epoch_00789
3.748561905325687e-09,0.44374519369287263,7.760848977356183e-10,0.09187094997111539,3.1721127460859755e-11,0.003755066130634579,1.146536034515866e-10,0.013572401031693713,8.388679985024683e-11,0.009930305324539878,1.2654499139328668,1.1224285501043596e-08,0.0004899507621303201,-1.8189894035458565e-12,Harmful,epoch_00790
9.30608021199042e-13,0.002958192175982689,1.9151624351069346e-11,0.06087867718966875,1.7502081728348884e-10,0.5563515470831893,5.84397694082181e-11,0.18576679406532637,5.933897524821458e-12,0.018862516581785886,2.238752262286774,3.1246186193989445e-10,9.091312676900998e-05,5.684341886080802e-14,Non-Harmful,epoch_00791
1.780139036178241e-09,0.3802802874398074,6.589948309265736e-10,0.14077706214685382,4.790522319109147e-11,0.010233701792241541,1.1437683092307971e-10,0.0244336275178047,1.3073311183608993e-10,0.027927720440118983,1.909258027104115,5.691540572172471e-09,0.0003182616492267698,0.0,Harmful,epoch_00792
5.498654916807899e-13,0.0018085399118149433,1.919634351650601e-11,0.06313790178828933,1.6823631376894355e-10,0.553339121423513,6.05380284205044e-11,0.1991131326434074,6.0254634398279605e-12,0.01981810330522935,2.1857455453568218,2.9958024949650053e-10,7.947982521727681e-05,1.0658141036401503e-14,Non-Harmful,epoch_00793
4.2430365861448327e-13,0.0013775280137577268,1.9092137918362562e-11,0.06198380403070329,1.694560880505236e-10,0.5501496479046015,5.7590375122842236e-11,0.1869707070487733,5.958643409416375e-12,0.019345103568672667,2.252035318961215,3.091440159419534e-10,8.404289837926626e-05,0.0,Non-Harmful,epoch_00794
4.538019808021654e-13,0.0015590112497754689,1.7211264043744817e-11,0.05912833218493999,1.5769829192491258e-10,0.5417636360835858,5.63904167501586e-11,0.19372611361815545,8.174415517311212e-12,0.028082745979425502,2.273825485087786,2.902294515827464e-10,9.227941336575896e-05,2.1316282072803006e-14,Non-Harmful,epoch_00795
4.3826899574772593e-13,0.0014905067603490705,1.8103296422697368e-11,0.06156740715048307,1.675416611002234e-10,0.5697915684953894,5.504381407053435e-11,0.18719822251527463,4.931031874055164e-12,0.016769920790852804,2.14045650058727,2.942597276955894e-10,8.494882058585063e-05,0.0,Non-Harmful,epoch_00796
7.696204784579663e-13,0.002522898273963058,1.695096114254918e-11,0.055567064294129075,1.676214167467549e-10,0.5494809387569163,6.596263720784132e-11,0.2162325824426504,4.833102830708452e-12,0.015843428197117915,2.156224398680822,3.0874808265579645e-10,8.276267180917785e-05,3.907985046680551e-14,Non-Harmful,epoch_00797
2.1357655644038687e-09,0.4105841957536515,4.4250470822293497e-10,0.08506806307350016,5.461817456642315e-11,0.01049991611984189,1.2706541721585474e-10,0.02442733088555803,1.1068671586927925e-10,0.02127865388094963,1.6023601084487837,6.097598870269394e-09,0.0003463294997345656,2.842170943040401e-14,Harmful,epoch_00798
4.142708311810628e-13,0.0013835628938122816,1.8237262936794674e-11,0.06090798189221036,1.6796887492009915e-10,0.5609748144524177,5.714121612942352e-11,0.19083763662188574,5.0322727755680585e-12,0.016806555904426358,2.1712758135673607,2.9191524197891283e-10,8.546242315787822e-05,2.842170943040401e-14,Non-Harmful,epoch_00799
4.558357272373137e-13,0.0014791995362053855,1.775833332381266e-11,0.05762628255483103,1.678188768505784e-10,0.5445768946378542,6.071823653672898e-11,0.19703235608291825,4.829092366872428e-12,0.015670538228022283,2.2473535128193776,3.016846772396775e-10,8.951367635745555e-05,4.973799150320701e-14,Non-Harmful,epoch_00800
2.7197999408201667e-09,0.41405644766091176,8.605984674892042e-10,0.1310156452917452,3.698543381280839e-11,0.00563058227551516,1.1571502176593862e-10,0.01761620409439431,8.27711718609514e-11,0.012600903792630245,1.6108690215393424,7.689829217838451e-09,0.00044618750689551234,4.547473508864641e-13,Harmful,epoch_00801
5.214610210649284e-13,0.0017627845352103703,1.8242958033966306e-11,0.06166981423289059,1.713312824946911e-10,0.579180653930019,4.896316186699112e-11,0.16551861222123296,6.664585387467642e-12,0.02252944626738299,2.1543386969022906,2.979811397629817e-10,8.60662548802793e-05,-3.552713678800501e-14,Non-Harmful,epoch_00802
1.8572838822450422e-09,0.37607908521729044,6.92291793336075e-10,0.14018129744740782,9.04418692715403e-11,0.018313460740244057,1.1130811029824716e-10,0.02253863972998563,1.016737943837498e-10,0.020587799177038586,1.9407084133556776,5.734255292821899e-09,0.0003424908500164747,-2.2737367544323206e-13,Harmful,epoch_00803
8.205956530601966e-13,0.002815202895973306,1.7525686631103543e-11,0.06012506107460946,1.5835566885558094e-10,0.5432679735671455,5.5046707101401304e-11,0.18884775792772976,4.932580168967582e-12,0.016922114959435915,2.3146638910875175,2.86946577610081e-10,8.382796659134328e-05,1.4210854715202004e-14,Non-Harmful,epoch_00804
5.217920279881882e-13,0.001689608019980125,1.8336174050469223e-11,0.05937412813851109,1.6803453073421792e-10,0.5441104415810628,6.426752538349692e-11,0.208103843078819,6.115058221074776e-12,0.019801090968770464,2.2261098661989016,3.1060035099450545e-10,8.46040275064297e-05,-1.4210854715202004e-14,Non-Harmful,epoch_00805
2.9427732494737013e-13,0.0009666158478180098,1.6910928224162652e-11,0.05554750514913764,1.6391017015893183e-10,0.5383974729364756,6.011286802533322e-11,0.19745337464064397,6.5302435767883305e-12,0.021449960280032696,2.2920421219066367,2.995814152306764e-10,8.78008286235854e-05,5.684341886080802e-14,Non-Harmful,epoch_00806
2.0172894465986246e-09,0.4110350651117946,4.292477224360214e-10,0.0874618492839836,3.2960306359242075e-11,0.006715864048820033,1.114904314702958e-10,0.02271685743263252,7.81413753148108e-11,0.01592178323472836,1.6106676520756131,5.731982444245887e-09,0.0003204691456630826,-5.684341886080802e-14,Harmful,epoch_00807
7.03243127793407e-13,0.00220277324756081,1.7753342090691404e-11,0.05560891456540295,1.718749101375927e-10,0.5383649537620933,6.581258823502856e-11,0.20614521918150097,4.531190201696733e-12,0.014193077986023952,2.2503636553882282,3.134763559842213e-10,8.368829730898142e-05,2.842170943040401e-14,Non-Harmful,epoch_00808
3.816275739865205e-09,0.446638734990781,8.683542530862898e-10,0.10162804565479955,2.9018974723182822e-11,0.0033962425790411105,9.267752190678102e-11,0.010846535724378012,1.0584211632136409e-10,0.012387257149346052,1.239503841199666,1.0316909104801653e-08,0.0005286814412102103,-9.094947017729282e-13,Harmful,epoch_00809
8.596304007166267e-13,0.0027562263201212013,1.925411761451168e-11,0.06173432872497978,1.8033915333282025e-10,0.5782200356687297,5.394079318410058e-11,0.17294994892955368,5.969372836745618e-12,0.019139554061302296,2.154415408728413,3.1089608665268997e-10,7.935686153359711e-05,-2.842170943040401e-14,Non-Harmful,epoch_00810
2.0806438794096493e-09,0.4093301311668753,4.2537984940027584e-10,0.08368601242811656,3.465094704224736e-11,0.006816965093461338,9.662286595824021e-11,0.019008851436713794,1.0538850955116308e-10,0.020733337821510815,1.6171186809390743,6.026183108076566e-09,0.0003315570065751672,5.684341886080802e-14,Harmful,epoch_00811
7.710397533118585e-13,0.002556148498859755,1.9239813409989426e-11,0.06378376725070717,1.7663546320045853e-10,0.5855813168722975,5.097039018067337e-11,0.16897687283566992,4.942901014708123e-12,0.016386689472868463,2.1011722762937746,2.9820590441431705e-10,8.154961687978357e-05,1.4210854715202004e-14,Non-Harmful,epoch_00812
5.303289274741219e-13,0.0016584583225971257,2.162528186036572e-11,0.06762714010463299,1.768618515529674e-10,0.5530869512530392,6.169708857304765e-11,0.19294072927782324,6.166275389601905e-12,0.0192833356988812,2.197355166751537,3.0810451412399686e-10,8.037958468776196e-05,7.105427357601002e-15,Non-Harmful,epoch_00813
4.2251288188618896e-13,0.0014615969431428439,1.7010913077458722e-11,0.058845776353819185,1.626117504538449e-10,0.5625221089625095,5.288385853362276e-11,0.18294089787104367,5.385338767809056e-12,0.01862947857513752,2.1968799193614994,2.916237806793731e-10,8.045052527450025e-05,2.842170943040401e-14,Non-Harmful,epoch_00814
5.213674002073343e-13,0.0017847329230117088,1.8368958806282143e-11,0.0628801983591233,1.7261365253817829e-10,0.5908870952109381,4.375977829878738e-11,0.14979746912154654,5.510324022160035e-12,0.01886281477303799,2.1343460659736992,2.907956930808808e-10,8.265093492809683e-05,0.0,Non-Harmful,epoch_00815
2.0623065477565206e-09,0.40511260270839555,4.4334005216972727e-10,0.08708823749540763,3.02352153730423e-11,0.0059393046133450755,1.429181608128549e-10,0.028074365648587472,1.041481718574988e-10,0.020458518649621164,1.6750432374438586,5.958725513011132e-09,0.0003475359408184886,3.694822225952521e-13,Harmful,epoch_00816
8.737590729071543e-13,0.0029453840638655753,1.8298066295670268e-11,0.061681571657396544,1.6468765240418293e-10,0.5551511874924554,5.969549247281103e-11,0.20122955819963007,5.222632276733613e-12,0.01760514809664899,2.204607942729807,2.9862468053920566e-10,7.843934145057574e-05,-2.842170943040401e-14,Non-Harmful,epoch_00817
2.217377836899459e-09,0.4058074633749562,4.892731029354502e-10,0.0895430059305818,2.998828269040743e-11,0.005488225203234562,1.1316642848507863e-10,0.020710850680706716,1.3210327276524936e-10,0.02417652649552775,1.6729206526037288,6.2108549414574554e-09,0.0003579457988962531,3.126388037344441e-13,Harmful,epoch_00818
2.605723636861512e-09,0.40286943608624154,9.178040688562206e-10,0.1419011603636979,1.0903358771408023e-10,0.016857620422762367,1.3974669685334895e-10,0.02160615660071852,9.129431759180573e-11,0.014114962049616531,1.7111391668503777,7.099991705672437e-09,0.00042435270734131336,9.094947017729282e-13,Harmful,epoch_00819
9.481198378485933e-13,0.0033915476464082134,1.5817659465219847e-11,0.05658181971245689,1.525197537710632e-10,0.5455829435093146,5.6592038943491935e-11,0.20243706420041424,7.442988987724913e-12,0.02662453708472221,2.2413105668568423,2.854986247413649e-10,8.870826422935352e-05,4.973799150320701e-14,Non-Harmful,epoch_00820
2.1237800407192253e-09,0.38993707640464337,5.201440111957112e-10,0.09550114943464337,3.7180777553991184e-11,0.006826584401341703,1.7366766184856441e-10,0.031886287199650865,9.064535320263412e-11,0.016642958941045224,1.853388544582912,7.868620421902506e-09,0.0004209639155305922,0.0,Harmful,epoch_00821
1.3565724064912299e-12,0.004539083859323268,1.9255630184962513e-11,0.06442923337924042,1.7103777422144972e-10,0.5722914579334537,5.2249800298019566e-11,0.17482754628559366,4.172352323665238e-12,0.013960668075759838,2.159373605082088,2.994883785412128e-10,8.349731797352433e-05,-3.552713678800501e-14,Non-Harmful,epoch_00822
9.711309447574257e-13,0.0033538380359947623,1.971622149397889e-11,0.06809072857741234,1.6465549063093832e-10,0.5686440642166527,4.8486833797121986e-11,0.1674511437531871,4.720680769031149e-12,0.01630305244049285,2.175863321335693,2.776811003357693e-10,8.227673242799938e-05,-1.4210854715202004e-14,Non-Harmful,epoch_00823
2.665878628960172e-09,0.4158640413734754,8.752478880547088e-10,0.13653439431786984,3.868009385010751e-11,0.006033905660395816,1.2126800258416282e-10,0.018917215921270075,9.305649913832204e-11,0.01451635921730782,1.594286916399459,7.559461501216447e-09,0.0004581245593726635,4.547473508864641e-13,Harmful,epoch_00824
2.237192209264549e-09,0.4195773446672099,4.6499747281825154e-10,0.08720860197621676,3.214372865101289e-11,0.0060284405869305835,1.1625479138382966e-10,0.02180316759180153,9.719565343541126e-11,0.01822869488492924,1.515635323039786,6.23163387558634e-09,0.00037788660847581923,2.8421709430404007e-13,Harmful,epoch_00825
2.1496280311339433e-09,0.41092481001054215,4.728464633729779e-10,0.09038975130185703,3.279818951151814e-11,0.006269731134181771,1.2756761619270307e-10,0.02438593918959644,8.552312850962362e-11,0.01634867745736726,1.613192200907726,6.038515465434102e-09,0.00033885607263073325,-2.8421709430404007e-13,Harmful,epoch_00826
7.463392967879678e-13,0.0023446520450160616,1.9322211148795065e-11,0.06070142906748906,1.7769408861001423e-10,0.5582324420538965,6.263252996753163e-11,0.19676237082103254,6.638498670046011e-12,0.020855085012335527,2.164926762603191,3.153683980627875e-10,8.9276596554555e-05,5.684341886080802e-14,Non-Harmful,epoch_00827
2.2152291112575995e-09,0.3866342459122668,7.875115837219226e-10,0.1374480615897314,1.702049959306784e-10,0.029706670031434894,1.195471699064199e-10,0.020865123906517426,7.530007607031708e-11,0.013142472704349486,1.817154085401305,6.373580330176765e-09,0.00041371493716724217,-4.547473508864641e-13,Harmful,epoch_00828
7.991992484468469e-13,0.0026102269049689615,1.9709846818885546e-11,0.06437339944882793,1.7365426457915945e-10,0.5671639887650208,5.2207828771938525e-11,0.1705135228484764,5.371335754650319e-12,0.01754306592462029,2.204371928966671,3.0700308961684186e-10,8.364456152776256e-05,0.0,Non-Harmful,epoch_00829
5.185287962894414e-13,0.001676759909108694,1.8521298264604497e-11,0.05989208432967723,1.6570617100697405e-10,0.5358419170250068,6.353848144239477e-11,0.2054635714171304,6.5165462002220176e-12,0.021072471755816682,2.2743749607952144,3.032440409889148e-10,8.217702998081222e-05,-7.105427357601002e-14,Non-Harmful,epoch_00830
1.967763507693121e-09,0.36761339249340713,6.638044697249157e-10,0.12401053892596105,1.4042345758413788e-10,0.026233611623724416,1.4687039431859894e-10,0.027438014629919003,1.0220942581878889e-10,0.01909454750184743,1.999185555360707,6.1367941839307605e-09,0.00033285532845184207,-4.547473508864641e-13,Harmful,epoch_00831
2.1372892344828642e-09,0.40688066897469116,4.354180887372605e-10,0.08289154334881782,1.898788678372787e-11,0.0036147676937362283,9.921209860597191e-11,0.01888723547561785,1.0221117875686137e-10,0.01945817726412963,1.6528151842791783,6.216284820226292e-09,0.00034096313174813986,-5.684341886080801e-13,Harmful,epoch_00832
1.528528525973627e-09,0.38283796731437336,4.0862352043702366e-10,0.10234457211801656,3.306721563234305e-11,0.008282073512084855,1.1515136674050686e-10,0.028841015674422685,1.5014093093790315e-10,0.03760456401972723,1.9038323246582844,5.581372697349707e-09,0.0003569411928765476,9.094947017729282e-13,Harmful,epoch_00833
1.495904528719949e-12,0.004940710184733082,2.142745963301662e-11,0.07077113947398293,1.7164943078018524e-10,0.566927952003056,5.02329571710515e-11,0.16591064358675947,4.386171222232893e-12,0.014486753942922407,2.2048877566684766,2.9514513055772795e-10,8.604090544395149e-05,-9.237055564881302e-14,Non-Harmful,epoch_00834
6.14922988830674e-13,0.0020313892883949986,1.9852864415349086e-11,0.06558365331890915,1.7287583170544352e-10,0.5710928345947972,5.0176253234800183e-11,0.1657565340772044,7.404246324133751e-12,0.02445982170886935,2.21085421642701,2.998229997608348e-10,8.492270717397332e-05,-2.842170943040401e-14,Non-Harmful,epoch_00835
1.1945985650338442e-12,0.003973909850742391,1.8916238367361338e-11,0.06292609767609983,1.6727555451900855e-10,0.5564530155556073,5.917244670053563e-11,0.19684099388577928,4.783866987441432e-12,0.01591384478642517,2.192017085077578,3.040464546799626e-10,8.547124161850661e-05,1.4210854715202004e-14,Non-Harmful,epoch_00836
8.030515271859051e-13,0.0026666214124310738,1.9217122901662997e-11,0.06381258198271383,1.6305898298263344e-10,0.5414553870963066,6.259686833546413e-11,0.20785982443668913,5.973605290976458e-12,0.019836017041334586,2.2420694091935403,2.998140624654866e-10,8.479872485622764e-05,-1.4210854715202004e-14,Non-Harmful,epoch_00837
3.4803323417653687e-13,0.0011630577645140693,1.9302579337427545e-11,0.06450537640941603,1.655899584118714e-10,0.5533686669670141,5.5602046540115593e-11,0.18581096746223838,7.415771718487923e-12,0.024782032375322754,2.211352018379112,2.952086353147365e-10,8.318583422806114e-05,-8.526512829121202e-14,Non-Harmful,epoch_00838
4.0447392614037514e-13,0.0013692034443295808,1.7996939225342623e-11,0.0609222735563362,1.6624396304010247e-10,0.5627601486344271,5.7080314324990666e-11,0.19322521904679787,4.984659088486457e-12,0.016873800637511906,2.1721554740812983,2.960640899107858e-10,8.414762851316482e-05,1.4210854715202004e-14,Non-Harmful,epoch_00839
1.6170476069277129e-09,0.3896549528337112,4.49471959651504e-10,0.10830786582148648,3.012411327329989e-11,0.007258914262250146,1.2676001481110033e-10,0.030544968113995572,6.590940857323369e-11,0.015881986021237308,1.8363264336078418,5.678427505984018e-09,0.0003180385392624885,-9.094947017729282e-13,Harmful,epoch_00840
2.0092216779232785e-09,0.3721118995988442,7.841811644482277e-10,0.14523193032342252,8.80358771992995e-11,0.016304421685984227,1.2968468833529645e-10,0.02401786535331913,1.0603181267027084e-10,0.019637305163571844,1.9279629910750107,6.4596012983031414e-09,0.00035322923213243484,2.2737367544323206e-13,Harmful,epoch_00841
2.2482833372805544e-09,0.41892533882507454,4.912764032388717e-10,0.09154012320019533,1.588502333144115e-11,0.0029598755063574055,1.1255035792245849e-10,0.020971643585003207,1.074647723239841e-10,0.02002404030269549,1.5348829142073555,6.15489215149978e-09,0.0003480645245872438,2.842170943040401e-14,Harmful,epoch_00842
7.577015187151814e-13,0.0024691285803025748,1.9646983584302447e-11,0.06402379761227832,1.72997109693096e-10,0.5637471976792072,5.979506131773352e-11,0.1948546904207262,3.77445397528077e-12,0.01229984625239433,2.1397051051499343,3.077035570786535e-10,9.231865260517225e-05,-6.394884621840902e-14,Non-Harmful,epoch_00843
3.200027132166383e-09,0.4265934565226569,6.644847606179782e-10,0.08858201481771531,2.162755391443838e-11,0.0028831546107061816,1.408804895658422e-10,0.018780682949963167,1.013753993944766e-10,0.013514286050686549,1.4618122647069247,1.0088136548347393e-08,0.00047829956747591496,-9.094947017729282e-13,Harmful,epoch_00844
8.671326460693574e-13,0.0029674853292903773,1.6430442510012577e-11,0.056227956960475764,1.577991903811693e-10,0.5400174754723338,5.870690104837692e-11,0.20090567271206866,5.9801714903835734e-12,0.020465232447187107,2.261190964848857,2.969921530926456e-10,8.491173502989113e-05,1.4210854715202004e-14,Non-Harmful,epoch_00845
3.1378575293672384e-09,0.42416382521684043,6.645028711310674e-10,0.08982500864000811,2.860549470906637e-11,0.003866783607751762,9.353143693574539e-11,0.01264322924077869,9.023818671460848e-11,0.012198060013648315,1.4794336162548634,1.004229410739299e-08,0.00047842843923717737,1.8189894035458565e-12,Harmful,epoch_00846
8.818820240036329e-13,0.0028732667561640556,1.911108857971522e-11,0.06226598796164606,1.7007974889571287e-10,0.5541381671215115,5.932402838285458e-11,0.19328408330668814,4.440743508592887e-12,0.014468421340492942,2.2115801349140187,3.1025265689876846e-10,8.137088298099115e-05,0.0,Non-Harmful,epoch_00847
2.1590111920488653e-09,0.40747961256699444,4.437135433382755e-10,0.08374399511964949,2.283303580929985e-11,0.00430937858014181,1.1244809163674097e-10,0.021222819493841714,1.3240279532478194e-10,0.02498895788054262,1.6376979426657676,6.228976445754597e-09,0.0003457965503912419,1.1368683772161603e-13,Harmful,epoch_00848
6.633683402937351e-13,0.0021905901411424177,1.640567136350704e-11,0.054175184079191745,1.7013074282701268e-10,0.561809639237632,5.1969987937671575e-11,0.17161648558799766,5.861242426737773e-12,0.019355129111486,2.2327096916623885,3.0465652223199413e-10,8.210484520532191e-05,2.842170943040401e-14,Non-Harmful,epoch_00849
5.280024464524025e-13,0.001720454925761516,1.987251899496223e-11,0.06475305828957773,1.7361056342535264e-10,0.5656965247343902,6.012365144593065e-11,0.19590824432713047,5.577120362754151e-12,0.018172613146272994,2.1356739380869865,2.970873547170072e-10,8.684090425958857e-05,-4.263256414560601e-14,Non-Harmful,epoch_00850
3.1713340842287607e-09,0.4268521295267171,9.165337447325506e-10,0.12336271434402594,3.117784069112117e-11,0.004196444568622693,1.0782404830100845e-10,0.014512796006059986,1.349574566683609e-10,0.018164872020542407,1.4554691322945321,8.542438756364845e-09,0.0004892516299150884,-9.094947017729282e-13,Harmful,epoch_00851
7.324022031213184e-13,0.0024789696174199096,1.785194209255256e-11,0.06042366048432939,1.6891069792857039e-10,0.5717138567273788,4.9317257254984787e-11,0.1669246512757115,5.170705064203723e-12,0.017501341066661236,2.19715564279467,2.945678700960741e-10,8.127190812956542e-05,1.4210854715202004e-14,Non-Harmful,epoch_00852
1.48602256801883e-12,0.0051327011656749945,1.9738406980933376e-11,0.0681761816408164,1.6566037430720826e-10,0.5721886158474475,4.971342510828175e-11,0.17170947500693745,5.860405856341483e-12,0.020241759861207805,2.175319496498568,2.916251407025783e-10,8.818369678920135e-05,1.0302869668521453e-13,Non-Harmful,epoch_00853
5.482368573873908e-13,0.0017592319538486609,1.7477546536762145e-11,0.056083530189621526,1.7310281680282813e-10,0.5554679560800907,6.119519642541413e-11,0.1963686744570011,6.213352152662638e-12,0.019937965680688795,2.1989568076400667,3.1838967573527555e-10,8.057959348661825e-05,-4.263256414560601e-14,Non-Harmful,epoch_00854
2.0964321389982388e-09,0.4110458590072761,4.5687346614253777e-10,0.0895788338934394,3.495347154075512e-11,0.006853300647080061,1.0790446054037561e-10,0.021156745714998162,8.667953074054102e-11,0.016995189831719715,1.6092980617342543,5.989510665216358e-09,0.00034226878779008985,-5.684341886080802e-14,Harmful,epoch_00855
3.3162397272690214e-09,0.43522731012287064,8.585217259327038e-10,0.11267342900069645,3.160776328170467e-11,0.004148241057176382,8.684039164846835e-11,0.011397037963327382,9.554012962709191e-11,0.012538802090955226,1.3414030675136517,8.949938568036941e-09,0.000523600319866091,4.547473508864641e-13,Harmful,epoch_00856
1.8209851404549227e-09,0.38657767127620024,5.161002632203537e-10,0.10956313342069095,2.6301513918192132e-11,0.005583559017397142,1.255443162623271e-10,0.02665185362826666,9.97699024091192e-11,0.02118019289665138,1.8952650358936476,6.06390493373965e-09,0.0003553572460077703,-4.547473508864641e-13,Harmful,epoch_00857
8.925455860508968e-13,0.0027564622736906026,1.9408756286171114e-11,0.05994036082660682,1.866204552003481e-10,0.5763428247231204,5.744033008026235e-11,0.17739385565181642,5.537409669253285e-12,0.01710126752718694,2.1103270353185044,3.2294206198102415e-10,9.12109826458618e-05,2.4868995751603507e-14,Non-Harmful,epoch_00858
8.439931696233027e-13,0.0027883537302795126,1.909799824794528e-11,0.06309526732224342,1.7024025938949805e-10,0.5624335354803001,5.4796951373149716e-11,0.18103616151000712,6.7135578780269656e-12,0.022180006694839778,2.2065221748838315,3.0285129959395363e-10,8.31964862300083e-05,2.842170943040401e-14,Non-Harmful,epoch_00859
1.9964150332896224e-09,0.39514098256534425,4.886404596921023e-10,0.09671429444496082,2.4552256061571853e-11,0.004859511886353346,1.0901342935992764e-10,0.021576512334271984,1.1746969282716568e-10,0.023250220556038877,1.800404415736838,6.813206887557044e-09,0.0004280508728697896,-9.094947017729282e-13,Harmful,epoch_00860
5.659074012349941e-13,0.001995818558992746,1.574366982268205e-11,0.05552411640171328,1.589070056096098e-10,0.5604265826131628,5.284989047955879e-11,0.18638878380040347,4.277551349154279e-12,0.015085889230385728,2.210160613631062,2.888678740653461e-10,8.352655277121812e-05,1.4210854715202004e-14,Non-Harmful,epoch_00861
8.254469698910916e-13,0.0027949021566904663,1.8400310246823037e-11,0.06230208440816569,1.6494308696657356e-10,0.5584850466588827,5.605377436084663e-11,0.18979391840573498,5.1924176763806784e-12,0.017581140753437852,2.203969374631606,2.902079687672199e-10,8.190674998331815e-05,-2.842170943040401e-14,Non-Harmful,epoch_00862
3.841714057983836e-09,0.4435541332341382,9.174147899693175e-10,0.10592228256430315,5.046768385141842e-11,0.005826865151644922,9.143924679932969e-11,0.010557333327130661,8.14623412129234e-11,0.009405426224481876,1.2855687874938764,1.0284892937306722e-08,0.0005352905136533082,-9.094947017729282e-13,Harmful,epoch_00863
3.2029550123269246e-09,0.4377961398435135,7.797351653238138e-10,0.10657815803382457,2.4433124794220884e-11,0.0033396434473969227,9.047612528970128e-11,0.012366735794722528,1.010618689428755e-10,0.013813648939270813,1.348614522057262,1.0331408617503257e-08,0.0005132234655320644,0.0,Harmful,epoch_00864
1.2219869213736523e-12,0.0038101167692980594,2.024868901023824e-11,0.06313477518031438,1.799384113931879e-10,0.561042304707616,6.107137885680292e-11,0.1904186375782899,6.940786378799302e-12,0.021641153527446392,2.191504237648864,3.112424207252218e-10,8.256510773207992e-05,-2.842170943040401e-14,Non-Harmful,epoch_00865
1.0350719847201928e-12,0.0031501093663447335,1.95380284759121e-11,0.05946149389650284,1.9138644835603458e-10,0.582460208041254,5.3302789374161386e-11,0.1622202306105664,5.974513418716132e-12,0.018182668410968175,2.1517973219384867,3.3147801170585467e-10,8.815883484203368e-05,2.842170943040401e-14,Non-Harmful,epoch_00866
2.1405694994314217e-09,0.4177799083277365,4.51630148209925e-10,0.08814570233169362,2.972207202578403e-11,0.005800925655317762,1.2047423215283404e-10,0.023513234995656326,7.382272397549183e-11,0.014408152065689498,1.527118045543453,5.979525763422089e-09,0.0003213535528630018,-2.2737367544323206e-13,Harmful,epoch_00867
1.915573033528517e-09,0.3897208869071721,6.610218067359952e-10,0.13448404225632898,8.491534905785691e-11,0.017275919303322892,1.223404502703751e-10,0.024890008341873843,1.2352174491581103e-10,0.025130341228618423,1.827753097529556,5.948734838057135e-09,0.0003415966057218611,0.0,Harmful,epoch_00868
6.053655298397798e-13,0.00198818374959432,1.9544242526453592e-11,0.06418856620314932,1.6744570313642626e-10,0.5499368720306033,5.919662194242212e-11,0.19441767985691527,5.621368171296326e-12,0.018462089923778936,2.216301543995891,3.0594607403067187e-10,8.172514208126813e-05,-5.684341886080802e-14,Non-Harmful,epoch_00869
6.73959477635877e-13,0.0024563971189343462,1.6498020885633707e-11,0.060130753133327546,1.5537477554561363e-10,0.5662983661037233,5.27671196667856e-11,0.1923216528961475,4.90558760063084e-12,0.01787951894546988,2.1446198289044567,2.833345225106143e-10,8.25443203211762e-05,-3.552713678800501e-14,Non-Harmful,epoch_00870
8.346510873939728e-13,0.0028112613388287825,1.8302681961158973e-11,0.06164686414647657,1.62566467232228e-10,0.5475543388398142,5.7864888065601444e-11,0.19489979124378132,5.31745543322186e-12,0.017910186790789557,2.230311405307468,2.9645114141274576e-10,8.195881673600525e-05,7.105427357601002e-15,Non-Harmful,epoch_00871
5.870060297216706e-13,0.0020113333944067717,1.746503690367579e-11,0.059842676531901624,1.5559958183031242e-10,0.5331506309048103,6.007783918786369e-11,0.20585233899495856,6.050958887594826e-12,0.020733169784597574,2.2797360714936086,2.8947538810442097e-10,8.253716805484146e-05,2.842170943040401e-14,Non-Harmful,epoch_00872
9.81631551218165e-13,0.0032136879381764196,2.0561962343294132e-11,0.06731622499896202,1.7606661267821622e-10,0.5764109240146156,5.157397019216539e-11,0.16884404920028517,5.444150935184772e-12,0.017823186482039614,2.1510042703256085,3.0571714604299416e-10,7.849014946259558e-05,-7.105427357601002e-14,Non-Harmful,epoch_00873
2.0694743696481055e-09,0.41523989973265174,4.094278631405768e-10,0.08215167451779347,4.1376999049269614e-11,0.008302292209290938,9.976818676760146e-11,0.020018480285373962,1.041995899286885e-10,0.02090764104584167,1.551866646984334,7.111226718592434e-09,0.00047121598618105054,0.0,Harmful,epoch_00874
1.6675625325035526e-09,0.3947039818400491,4.543522398592348e-10,0.10754297649104981,1.0669265384372073e-11,0.0025253634861881185,1.32845530582959e-10,0.03144389422807821,1.3442227886351077e-10,0.031817102915946055,1.8132702280630484,5.678821857202365e-09,0.0003277406794950366,-9.094947017729282e-13,Harmful,epoch_00875
2.8019018216696168e-09,0.4094328660800812,1.0550802176378937e-09,0.15417546543242716,8.304095779065879e-11,0.012134507029230773,1.0937015789552751e-10,0.01598190802563995,1.1237037862710242e-10,0.01642032059366834,1.6596003957286392,7.634300303038799e-09,0.0004648605245165527,9.094947017729282e-13,Harmful,epoch_00876
1.9283101782008316e-09,0.39141653388126985,5.124860952276933e-10,0.10402658935479532,3.1503216701977976e-11,0.006394655811599673,9.413489779341866e-11,0.019107898629641552,1.016478524615283e-10,0.020632909858977245,1.8386970133978477,6.392419926726234e-09,0.0003898416180163622,-1.3642420526593924e-12,Harmful,epoch_00877
9.020827704611656e-13,0.003212268672933851,1.7071317449934842e-11,0.06079005169570017,1.5906538586296648e-10,0.5664233623423793,4.6948350914365056e-11,0.16718057569265207,5.198704314257618e-12,0.01851230902015628,2.2204430409739433,2.881708760504864e-10,7.461335917469114e-05,0.0,Non-Harmful,epoch_00878
8.214121657162954e-13,0.002950110987803671,1.65155266849612e-11,0.05931569895873312,1.6148091197543124e-10,0.5799605029271195,4.888899777632377e-11,0.1755853827619792,4.5135389024376915e-12,0.016210425491262725,2.1332834377076124,2.8434224419449095e-10,7.928936247481033e-05,-1.4210854715202004e-14,Non-Harmful,epoch_00879
4.3850394235850354e-13,0.0014598287513319767,1.7423674319744925e-11,0.05800536384918777,1.669358956624123e-10,0.555748299106754,5.816956703645626e-11,0.19365300561636994,5.075497314099842e-12,0.016896899185397916,2.207149207478141,2.992580627747543e-10,8.693656127434224e-05,4.618527782440651e-14,Non-Harmful,epoch_00880
9.952711398086844e-13,0.00321212672602202,1.856952720931393e-11,0.05993108033866642,1.702987958984714e-10,0.5496203917055207,6.065897296177875e-11,0.19577007754995332,7.562905488499305e-12,0.024408434922223256,2.217815559091016,3.0413443985466415e-10,8.50133947096765e-05,-7.105427357601002e-15,Non-Harmful,epoch_00881
2.3406419025207015e-09,0.39201976396022603,7.834600468381581e-10,0.13121692058191545,6.108970967977356e-11,0.010231540990218498,1.2446112890307504e-10,0.02084523152484886,1.13416411678946e-10,0.018995419541842112,1.8000473583768528,6.82639988980327e-09,0.00041081226663663983,9.094947017729282e-13,Harmful,epoch_00882
2.0201034178768396e-09,0.40491672129728434,4.3149719387847174e-10,0.08649083380982708,2.3305216263758144e-11,0.004671380521975051,1.3072166613059544e-10,0.02620231617040215,9.420341243182584e-11,0.018882467382289398,1.6725310782548417,5.79547432266736e-09,0.0003618785412982106,4.547473508864641e-13,Harmful,epoch_00883
2.074422411624255e-09,0.41820533402273696,4.834140223536343e-10,0.09745668074005331,3.196075695766076e-11,0.006443315963132334,9.496810976505898e-11,0.019145652227458836,1.0741608297282212e-10,0.02165517428241126,1.548637845036115,5.7682831844374505e-09,0.00034164165845140815,5.684341886080801e-13,Harmful,epoch_00884
1.9962393960071267e-09,0.4107851315921178,4.198835029667336e-10,0.08640341452260032,2.3799988022044083e-11,0.004897549477823903,1.1886927206439246e-10,0.024460858584847,8.889638331011085e-11,0.018293052721606976,1.621822617296365,5.68612357199072e-09,0.0003409041091799736,2.8421709430404007e-13,Harmful,epoch_00885
3.45562733983229e-09,0.43601587834924904,7.064126627404077e-10,0.08913204675500079,4.2051903625939246e-11,0.005305924479869327,1.0069166681003772e-10,0.012704832213984985,1.3302633994349833e-10,0.01678467923478843,1.361224451618451,1.0178879072952896e-08,0.00048491277266293764,-1.8189894035458565e-12,Harmful,epoch_00886
6.408445280513264e-13,0.002178640059642422,1.7005028570167557e-11,0.05781095856585625,1.6269866009999134e-10,0.5531167124447972,5.1572520288600127e-11,0.17532795203717,5.6329282059099095e-12,0.019149922493372915,2.2927644512237872,2.919053887495693e-10,7.840734906494617e-05,3.552713678800501e-14,Non-Harmful,epoch_00887
2.287691591718044e-09,0.4180645630432775,4.798114527221342e-10,0.08768322008597129,2.5048213503353622e-11,0.0045774397524580715,1.1948883982954017e-10,0.021836007000563245,1.2417471911829736e-10,0.022692328754955242,1.5399764796733655,6.2222342833706534e-09,0.00037799146957695484,-4.547473508864641e-13,Harmful,epoch_00888
4.557932807222609e-13,0.0013947376622390826,1.8017178189926736e-11,0.05513296937801061,1.808762861710278e-10,0.5534854926533926,6.425022699204502e-11,0.1966071356980376,8.205669217026257e-12,0.02510953185340243,2.2429439887379403,3.2701086283282166e-10,8.849507139530033e-05,7.815970093361102e-14,Non-Harmful,epoch_00889
3.1747677819993214e-09,0.4289092602430167,8.44381259357263e-10,0.11407541155212211,3.4701630458044974e-11,0.004688169866588934,1.282580396055888e-10,0.017327585721185947,1.4147975152534187e-10,0.019113831225755194,1.476703902024289,9.774809406337681e-09,0.0005111849750392139,4.547473508864641e-13,Harmful,epoch_00890
2.471221893785014e-09,0.4136910520239922,6.010611990764358e-10,0.10061971383552529,2.6283874382526662e-11,0.004400011051990079,1.1500802480496342e-10,0.019252739259239413,9.55531140323096e-11,0.015995920223760184,1.6193051510509235,7.511346211686032e-09,0.000413663248764351,0.0,Harmful,epoch_00891
5.239011264743243e-13,0.001726527909725614,1.7575690794240095e-11,0.05792108311194905,1.6931700486111367e-10,0.5579879861132289,5.967537314993665e-11,0.1966615303158841,5.8537165999877905e-12,0.019291054313085847,2.1955162582273475,3.039704044027758e-10,7.82573624746874e-05,-2.1316282072803006e-14,Non-Harmful,epoch_00892
2.000784871114547e-09,0.4052163639604472,4.606754977487526e-10,0.09330001083996174,3.147556867921786e-11,0.006374706085554858,1.4182719668826005e-10,0.028724078126753115,9.036180397686833e-11,0.01830085891643917,1.6784888703066165,5.68307356729747e-09,0.00032571115298196673,0.0,Harmful,epoch_00893
4.077681303726877e-09,0.4522034965611002,8.563339065625897e-10,0.09496504457508892,2.5009138857057245e-11,0.0027734438262271947,1.1710852600155253e-10,0.012987009280646233,9.79534439671248e-11,0.010862764047217584,1.1657448905187036,1.1386200426954929e-08,0.000527826719917357,-9.094947017729282e-13,Harmful,epoch_00894
2.44771669599686e-09,0.41233370388290563,5.269415390141141e-10,0.0887667093445879,2.909226332059589e-11,0.004900779861058517,1.2850999778213357e-10,0.021648340046114184,8.234690273417611e-11,0.013871868204028364,1.599451777791977,8.20844903159923e-09,0.0004653472569771111,-4.547473508864641e-13,Harmful,epoch_00895
2.109330266009124e-09,0.4086375346042964,4.402537015502084e-10,0.08528971972808866,2.7162853563633682e-11,0.005262220758848573,1.1303663127043562e-10,0.02189842485393225,9.48811532813787e-11,0.018381190078247914,1.6249624913414353,6.106512628889504e-09,0.0003564019571058452,-1.1368683772161603e-13,Harmful,epoch_00896
3.0377855786412056e-09,0.4278094611759897,7.253150961783472e-10,0.10214567567262758,1.2054697517971391e-11,0.001697655583745857,1.3992072257773547e-10,0.01970494868176678,1.1393688596761375e-10,0.01604566106857278,1.4624270997035111,8.677142560031825e-09,0.00047703186282888055,-2.2737367544323206e-13,Harmful,epoch_00897
8.39095936830403e-13,0.0028142686604760918,1.918012016571824e-11,0.06432877185705681,1.7113944289492977e-10,0.5739896352374848,5.4941592887627205e-11,0.18427023208376836,5.211306429789286e-12,0.017478354645468645,2.1319746500794348,2.9562921555204014e-10,8.541032730136067e-05,0.0,Non-Harmful,epoch_00898
2.4649611241045477e-09,0.41251209877663386,6.356197373991179e-10,0.1063711834374724,7.016297612350009e-11,0.011741798381357471,1.177125671242285e-10,0.019699238921847346,1.0946166542624702e-10,0.01831844766191603,1.5907075172731802,7.56040208216291e-09,0.0004946523113176227,2.2737367544323206e-13,Harmful,epoch_00899
2.042458424611482e-09,0.4140973120092269,4.526497440759947e-10,0.09177226818665307,2.9100277743054903e-11,0.005899922684797461,8.51425219390578e-11,0.01726218220542586,1.0878081942167217e-10,0.022054718166047472,1.5758573978933297,5.829788207734055e-09,0.00032564386492595077,-1.7053025658242404e-13,Harmful,epoch_00900
8.42698198548486e-13,0.0027572965568512828,1.7380452545928682e-11,0.05686859428909641,1.6777577244164732e-10,0.5489599485002359,6.380876502089933e-11,0.2087813743901522,5.165555158094526e-12,0.016901623233765494,2.188475567912682,3.0677721474248187e-10,8.393264579353854e-05,0.0,Non-Harmful,epoch_00901
4.3736813216260773e-13,0.001427466565804427,1.8238361613066162e-11,0.05952571644617103,1.731190954479267e-10,0.565019951116018,5.661875959392382e-11,0.18479029534688768,3.4750610592229614e-12,0.011341780782339748,2.1845631269401244,3.066518705630017e-10,8.208342478610575e-05,2.4868995751603507e-14,Non-Harmful,epoch_00902
2.25678165044485e-09,0.4024507416532359,4.98809042681625e-10,0.08895236680561901,2.0687918392270355e-11,0.003689266127535933,1.1566536617380052e-10,0.020626546830998647,1.0157793616655253e-10,0.01811434249200668,1.6932376885334965,7.858472983457432e-09,0.00041885743848979473,9.094947017729282e-13,Harmful,epoch_00903
6.538907870029531e-13,0.0022171725028083157,1.6988577862184218e-11,0.05760382077027614,1.584255504560872e-10,0.5371795737074998,6.007805635355884e-11,0.2037089636631897,7.546616760320535e-12,0.025588602107249902,2.26113577184073,2.928411402258746e-10,8.019922097446397e-05,-7.105427357601002e-15,Non-Harmful,epoch_00904
8.921591221865144e-13,0.0029440732625827418,1.9032346987475635e-11,0.06280563914730679,1.711641731128033e-10,0.564831825446648,5.408664965553256e-11,0.17848280105378317,4.458695050538544e-12,0.014713434585670546,2.1837971042159996,3.005104498576827e-10,8.645025081932545e-05,4.618527782440651e-14,Non-Harmful,epoch_00905
3.337033316341831e-09,0.43595492113873924,6.807784926066152e-10,0.08893789960197837,3.883153694428376e-11,0.005073008873881784,1.2088703389007138e-10,0.0157928592046588,1.1433250700354503e-10,0.01493656620994282,1.3550307398273405,1.0309461728752467e-08,0.0004647395107895136,0.0,Harmful,epoch_00906
2.0827557456470913e-09,0.4030715178969861,4.3450494244257065e-10,0.08408886498097565,5.42460278085688e-11,0.01049812433089157,1.5982550786303173e-10,0.030930708119589843,9.766425689006208e-11,0.018900766617128206,1.6785666672922017,6.159891263735062e-09,0.00034694952773861587,6.252776074688882e-13,Harmful,epoch_00907
1.6571013450317196e-09,0.38494745739361613,4.340234317778968e-10,0.10082438048407648,3.469552770085649e-11,0.008059830022718874,1.1630692329372971e-10,0.02701829585343713,1.0834583664270925e-10,0.025168921900788552,1.9057658094971055,5.792990975805878e-09,0.0003822909784503281,4.547473508864641e-13,Harmful,epoch_00908
3.7202219083098953e-09,0.43785803601483597,8.397149746375288e-10,0.09883172527578392,2.28143875319331e-11,0.002685179315594059,1.5644193405994766e-10,0.018412707544365428,7.32856188928599e-11,0.00862547932554307,1.3566339052389662,1.018165107780078e-08,0.0005370948929339647,-4.547473508864641e-13,Harmful,epoch_00909
7.430737882646588e-13,0.002582156155386756,1.708536491538265e-11,0.05937106230905182,1.5507526512914538e-10,0.5388812749492871,5.554478892891984e-11,0.19301625342944417,6.909591226001571e-12,0.024010594637031746,2.28897873407326,2.860978398633307e-10,8.0683603300713e-05,4.973799150320701e-14,Non-Harmful,epoch_00910
2.1559483087685294e-09,0.4150507496685626,4.673094897156282e-10,0.08996373115480336,1.645579462625224e-11,0.003167974792456487,8.932672743849901e-11,0.017196667024899852,1.0161509004028013e-10,0.0195623518093285,1.562624422252139,6.003654462460872e-09,0.00036511270445771515,2.2737367544323206e-13,Harmful,epoch_00911
3.7559584891051767e-13,0.001266656496714756,1.6994800748973415e-11,0.05731313283014608,1.636812005378907e-10,0.5519971976601479,5.7205384120006045e-11,0.19291898899535398,4.90596745086197e-12,0.01654484617529923,2.207917547592443,2.96717650449807e-10,7.950514554977417e-05,-7.105427357601002e-15,Non-Harmful,epoch_00912
3.6894010069232763e-09,0.4378569075766245,8.736501834472055e-10,0.10368451868205909,3.633551966253368e-11,0.00431228761654574,1.849661266165037e-10,0.021951719548715592,9.597719841103469e-11,0.011390542588150188,1.3478823004324958,9.999177486008648e-09,0.0005008750013075769,0.0,Harmful,epoch_00913
8.589689289711933e-13,0.002993457839957186,1.607250411320843e-11,0.05601176226834325,1.571751340190275e-10,0.5477463983931345,5.520377460276754e-11,0.19238201325606483,7.222414723576098e-12,0.025169704337973955,2.259562403524875,2.923613295902072e-10,8.256964792963117e-05,-1.4210854715202004e-14,Non-Harmful,epoch_00914
2.010215105485713e-09,0.4128585023395704,4.066231309995949e-10,0.08351236463351351,2.229940277570508e-11,0.004579857154550613,9.844060809560684e-11,0.02021775774982489,1.0442313246733503e-10,0.02144645016467215,1.5760442088247681,5.649843259902809e-09,0.0003258188662584871,-5.684341886080801e-13,Harmful,epoch_00915
1.9752763869007595e-09,0.4085926484112183,4.113293854829392e-10,0.08508488437283025,3.134287274164649e-11,0.006483379980266293,1.324428396815014e-10,0.027396252487721286,9.319347550607038e-11,0.01927738782490918,1.6242742079413022,5.646272782655615e-09,0.000345658918377012,0.0,Harmful,epoch_00916
8.900230270662834e-13,0.0028391341530072728,2.0106736262938407e-11,0.06413960076716853,1.7835718318925942e-10,0.5689515381371014,5.916948734360078e-11,0.1887480517070236,6.578355861344004e-12,0.020984664698103818,2.129936851118908,3.0955008001321005e-10,7.81686685513705e-05,-2.842170943040401e-14,Non-Harmful,epoch_00917
2.1802357696998342e-09,0.4226909248185826,4.646274701786135e-10,0.09007916382041344,2.7981225843298763e-11,0.00542483083418539,9.705773944962415e-11,0.018816967512835032,5.89714553231313e-11,0.011433029094767995,1.4857186660790118,6.0767728626842654e-09,0.00036668949178420007,-2.2737367544323206e-13,Harmful,epoch_00918
1.076423021897921e-12,0.0034093446111591475,2.0596234570277594e-11,0.06523426191548391,1.733975463213966e-10,0.5492004333916355,6.175089324426952e-11,0.19558302900788296,6.202123124972314e-12,0.019643926805455417,2.2324423633810544,3.148432348165642e-10,9.25372150959447e-05,1.4210854715202004e-14,Non-Harmful,epoch_00919
6.216651542503837e-13,0.0020998931935021295,1.9093927936149335e-11,0.06449647215419008,1.7420920955801833e-10,0.5884530134834126,4.783565416607155e-11,0.16158178386430516,5.5377680522814e-12,0.01870576364248918,2.1118050503991954,2.95221957991032e-10,9.038618736667559e-05,-1.4210854715202004e-14,Non-Harmful,epoch_00920
2.122703124385339e-09,0.40619804593762193,5.014485007781566e-10,0.09595661249776419,4.9829047138461036e-11,0.009535229559921367,1.1798242764704536e-10,0.022576982628733765,8.569041483330597e-11,0.016397619931403304,1.6679856452049735,5.945814507413161e-09,0.0003221028600819409,-1.7053025658242404e-13,Harmful,epoch_00921
4.3425901980267967e-13,0.0014013002413992115,1.860491307455886e-11,0.06003575744825508,1.787327438829145e-10,0.5767484973895896,5.110321427094153e-11,0.16490376302761622,4.05805990482018e-12,0.013094858287159726,2.1760928192897113,3.1252117560498505e-10,8.597635314799845e-05,2.842170943040401e-14,Non-Harmful,epoch_00922
3.4725475828167873e-09,0.4335063662017886,9.229164238400145e-10,0.11521516571482021,3.988096658469331e-11,0.004978665516433762,1.1092865948719721e-10,0.013848127040759857,1.1022655878323295e-10,0.013760478097836985,1.3936744795981004,9.354720553744755e-09,0.0005015076603740454,4.547473508864641e-13,Harmful,epoch_00923
1.995157816736537e-09,0.4161630748098479,4.126391936476459e-10,0.08607098354572774,2.295289132370204e-11,0.004787664288468411,1.0416227776144371e-10,0.021726849589925986,1.0062760520679337e-10,0.02098956445566259,1.5511495326960665,5.763727273233599e-09,0.00035238004056736827,-4.405364961712621e-13,Harmful,epoch_00924
3.1194078431440175e-09,0.42573234368838336,8.177395167258128e-10,0.11160392564487545,1.8861794938429544e-11,0.00257423093391144,1.177508889005363e-10,0.0160704737641776,9.774060900913373e-11,0.013339499238114628,1.5281829097133175,9.430399572352144e-09,0.0004738078569062054,1.3642420526593924e-12,Harmful,epoch_00925
9.094408711350643e-13,0.00305855248700185,1.7680583559720464e-11,0.059461801788976205,1.6815798753455624e-10,0.5655343269773275,5.6421820232403774e-11,0.18975296148457463,6.391081511670366e-12,0.021493929811790782,2.164786492687578,3.0076888202223984e-10,8.470075408695266e-05,2.842170943040401e-14,Non-Harmful,epoch_00926
1.986402820008948e-09,0.4061729351651033,4.241780919567173e-10,0.08673450264333438,4.267151736125907e-11,0.008725327652572093,1.0432272320309854e-10,0.021331557859763955,7.611586838249251e-11,0.015563915517104635,1.658877913367112,5.7111373408247346e-09,0.00034489930840209126,8.526512829121202e-13,Harmful,epoch_00927
6.237111521700811e-13,0.0020764411759511244,1.7637286433853233e-11,0.058717545222456244,1.7153115733359314e-10,0.5710565809297852,5.4854284200871184e-11,0.18261930061009085,3.818298108249074e-12,0.012711767917631574,2.1460384676223883,2.989533343100703e-10,7.790140807628632e-05,-5.684341886080802e-14,Non-Harmful,epoch_00928
2.048405001175979e-09,0.4142882531316078,4.3342707374549594e-10,0.08766027476933487,1.8901431635132138e-11,0.003822799245905897,8.881184156150912e-11,0.017962123055155425,9.490092132274919e-11,0.01919363450724373,1.579313751819468,5.681962456094425e-09,0.0003322058473713696,2.8421709430404007e-13,Harmful,epoch_00929
2.1101611569207535e-09,0.4122849890011255,4.384532372586625e-10,0.08566534717399511,3.130732478817677e-11,0.0061168503711742156,1.1095521983833789e-10,0.021678520354066276,1.0737110679726047e-10,0.02097825345697502,1.5957589844036348,5.983463502445829e-09,0.00034014476113952696,1.1368683772161603e-13,Harmful,epoch_00930
2.3203301502405793e-09,0.4036156599791053,5.090860719092483e-10,0.08855425633223668,4.1273156767274166e-11,0.007179362991217966,9.681244217754625e-11,0.016840283586207712,9.949008804299719e-11,0.017306053426358367,1.6732632558084417,7.869658702475135e-09,0.00040651229210197926,9.094947017729282e-13,Harmful,epoch_00931
5.000999072322931e-13,0.001631699598640823,1.8359275362998806e-11,0.05990167526111288,1.713403655068113e-10,0.559040306917263,5.806121328080088e-11,0.18943906414858946,7.059725850785958e-12,0.023034101127899286,2.194270345225055,3.0368024761529e-10,8.559544949093834e-05,-1.4210854715202004e-14,Non-Harmful,epoch_00932
2.4970827627868175e-09,0.4151088452381518,7.756186803931087e-10,0.12893692574442298,2.9121477798654816e-11,0.004841082242359024,1.052833081133242e-10,0.01750203601782088,1.1603842366147976e-10,0.019289939751782496,1.6239716468160095,7.373569310686889e-09,0.00044801412150263786,-4.547473508864641e-13,Harmful,epoch_00933
7.093441502584175e-13,0.0023871594636503527,1.8125549509657307e-11,0.06099800362077914,1.6564033478161377e-10,0.5574302580659787,5.7085254166928945e-11,0.1921092951423167,4.3014130126674266e-12,0.014475567010057224,2.184277021616912,2.9130931000764804e-10,8.288134267786518e-05,4.263256414560601e-14,Non-Harmful,epoch_00934
1.994887588452343e-09,0.4149127740766745,4.0823619137930756e-10,0.08490824827633196,2.751208115492343e-11,0.005722184036178127,1.2334790740892165e-10,0.02565489039875848,8.139753975011654e-11,0.01692971534648658,1.5623761794081743,5.691643156779946e-09,0.0003361687413416803,-4.547473508864641e-13,Harmful,epoch_00935
2.294408663061631e-09,0.4139381058060792,5.424504040396627e-10,0.09786438499682774,5.394431776273301e-11,0.009732184624822055,1.334202531441675e-10,0.024070571102607793,8.420547852744376e-11,0.015191651270019748,1.593152820977053,6.268559449296163e-09,0.00035157802631147206,-3.126388037344441e-13,Harmful,epoch_00936
2.1685089279799286e-09,0.4227701557979934,4.539798346275825e-10,0.08850741767221666,3.126048118279323e-11,0.0060945096095505035,1.0011200549109311e-10,0.01951772833978886,8.754390615206553e-11,0.01706746528249305,1.4983044309359645,6.023840537494607e-09,0.0003353444626554847,0.0,Harmful,epoch_00937
8.837162230289353e-13,0.0029120771677283606,1.7444008043598913e-11,0.05748259024070331,1.6084517745484916e-10,0.5300271247709643,6.666059040481495e-11,0.21966416169186678,3.857632854646631e-12,0.01271191392072861,2.2538690901758165,3.0351254842742037e-10,8.33400699775666e-05,9.947598300641403e-14,Non-Harmful,epoch_00938
2.3398625259574146e-09,0.39012360876660007,8.596001410676735e-10,0.14332051794042136,1.8496556369873574e-10,0.030839176407670935,1.568437827531577e-10,0.02615045194385071,9.880900177922092e-11,0.016474354337104605,1.7625405269506977,6.746138758728648e-09,0.00041088301804848015,2.2737367544323206e-13,Harmful,epoch_00939
2.1436148411879685e-09,0.3859894274769483,7.920719913290242e-10,0.14262422921282972,1.1152272161307764e-10,0.020081308749591863,1.264019262522953e-10,0.022760528714695832,7.293336551014717e-11,0.0131327267643041,1.7947786274385231,6.60923760165133e-09,0.0004055917088408023,-4.547473508864641e-13,Harmful,epoch_00940
2.12038986369123e-09,0.4128740182023065,4.443361182465688e-10,0.08651939047355807,2.6187977134051188e-11,0.005099220446707589,8.98697860921005e-11,0.01749909313103116,8.955515929526259e-11,0.01743783023213272,1.590337064286968,5.958625592938915e-09,0.00036543060559779406,6.252776074688882e-13,Harmful,epoch_00941
2.3095878542989112e-09,0.40998900894308365,4.969869099591406e-10,0.08822317379811728,5.924038169735635e-11,0.010516121019731399,1.466517835987946e-10,0.026033051440538014,9.67517585145905e-11,0.01717499402028104,1.6001841928479776,7.616815622668582e-09,0.0004951192531734705,-2.2737367544323206e-13,Harmful,epoch_00942
7.409711949915576e-13,0.0025292538163015446,1.7190820273370322e-11,0.05867967348214021,1.6218662524103422e-10,0.5536128038669952,5.680961251549807e-11,0.19391567476394625,4.2894547777009434e-12,0.01464175657526959,2.21217675745373,2.852203750958182e-10,7.55217915866524e-05,-2.1316282072803006e-14,Non-Harmful,epoch_00943
6.138326067058053e-13,0.0020082242585753936,1.8904215215789777e-11,0.06184732314794456,1.7730850815356192e-10,0.5800852601114004,5.5465249472301525e-11,0.181460968807082,4.889311178146727e-12,0.0159959461397332,2.099314901877563,2.989369307648815e-10,7.925414683995768e-05,0.0,Non-Harmful,epoch_00944
5.886779236817519e-13,0.0021285637269440713,1.5559243888955965e-11,0.05625969792373668,1.497832552432854e-10,0.541591915016034,5.4568123999433615e-11,0.19730947045905192,5.178284938432004e-12,0.018723836998660755,2.2743094878126953,2.7778643274523063e-10,7.402694609481841e-05,-5.684341886080802e-14,Non-Harmful,epoch_00945
2.7294269067112964e-09,0.4176515261043275,6.263395305877717e-10,0.09584124057919705,2.992503640719679e-11,0.004579070094700761,1.0965162632048386e-10,0.016778675757890736,1.18081201067044e-10,0.01806855267258466,1.557596400982736,8.490845360142885e-09,0.0004391192924231291,0.0,Harmful,epoch_00946
6.142700280722946e-13,0.0020656923256578514,1.7742880949189743e-11,0.05966648434210856,1.6467845836976025e-10,0.5537874421825835,5.907109038570148e-11,0.19864667410343478,5.199447534846857e-12,0.017484914418011817,2.1879959040012253,2.9665425671510093e-10,8.450218592770398e-05,1.4210854715202004e-14,Non-Harmful,epoch_00947
2.0428703173536178e-09,0.42470423167253796,4.2905134133019995e-10,0.08919798712615609,2.1355706265879792e-11,0.004439762399222771,1.1113828173731077e-10,0.023105185950225066,8.002982391369651e-11,0.016637867116393926,1.464798826553619,5.682476711399431e-09,0.00033267284743487835,-1.9184653865522705e-13,Harmful,epoch_00948
5.45548578100713e-13,0.0019723405273546694,1.4969712101853272e-11,0.054120514737857534,1.5398395059040837e-10,0.5567034696873028,5.176375506617953e-11,0.18714328304277736,5.692095395287006e-12,0.02057882814538452,2.236237938067407,2.880086724665887e-10,8.50237556733191e-05,0.0,Non-Harmful,epoch_00949
1.8327386275274193e-09,0.3853052589966579,6.085301776370677e-10,0.12793416048531708,3.746118606290372e-11,0.007875641284301552,9.277822607400843e-11,0.019505202700356942,1.0735596179395346e-10,0.02256994862364011,1.8831322286391226,5.756892296204796e-09,0.0003496547578833997,0.0,Harmful,epoch_00950
2.612495109133306e-09,0.41026350273794293,8.063106016198418e-10,0.12662217454831412,4.931327568513666e-11,0.007744105297398152,1.101690865271121e-10,0.017300838257663594,9.273599162890056e-11,0.01456316324671364,1.6667535735450631,7.44405781460955e-09,0.00041779715684242547,0.0,Harmful,epoch_00951
3.976558123584828e-13,0.0013241461857319385,1.7887017604925615e-11,0.059561624398766416,1.6341049347001757e-10,0.5441373542450166,6.226007052577073e-11,0.20731857135733417,5.213917513881283e-12,0.017361720297207613,2.2178029331947777,3.0590358024440434e-10,9.200639033224434e-05,2.1316282072803006e-14,Non-Harmful,epoch_00952
2.090037476421003e-09,0.4125726218458547,4.4431366572061926e-10,0.0877073526462324,3.5914028695405165e-11,0.007089415930131343,1.0676444797685924e-10,0.021075262390589513,1.085601348399523e-10,0.02142973031065241,1.598118608728492,5.802450075975685e-09,0.0003301779506728053,2.2737367544323206e-13,Harmful,epoch_00953
6.102837961548258e-13,0.002094309949514198,1.6309112914336676e-11,0.05596795730027956,1.6094567345525945e-10,0.5523170160708317,5.41315245666113e-11,0.18576306825859978,5.963441871391362e-12,0.020464734150398498,2.261913828181202,2.9106270171830317e-10,8.611974044470116e-05,2.1316282072803006e-14,Non-Harmful,epoch_00954
2.1901949143199317e-09,0.4125771736418203,4.5360440664027335e-10,0.0854475657940376,2.1912457959238907e-11,0.004127751330833105,1.1530775119450443e-10,0.021721055863922804,9.678186637523956e-11,0.018231249021631094,1.5924445327421903,6.115313144761103e-09,0.0003645264951046556,3.979039320256561e-13,Harmful,epoch_00955
7.943465763632362e-13,0.0026384756876389553,1.7844289739409047e-11,0.059271010968752084,1.6499261679125965e-10,0.5480340961960709,6.470330830366314e-11,0.21491639914988125,4.456345340485279e-12,0.014802051379669962,2.1691416897900884,2.968426615623798e-10,8.133264054777101e-05,-1.4210854715202004e-14,Non-Harmful,epoch_00956
7.653539260688014e-13,0.0025919803240344983,1.8818010301055454e-11,0.06372987813409288,1.6390137164146168e-10,0.5550753917982053,5.6671936078406954e-11,0.19192760138394685,6.966780071674533e-12,0.02359399521265766,2.208561871594459,2.995725334464794e-10,8.24123271740973e-05,2.842170943040401e-14,Non-Harmful,epoch_00957
7.410360302814722e-13,0.002564260781824438,1.7450816399561253e-11,0.060386327082121216,1.6156362359076581e-10,0.5590703377619622,5.306354867225943e-11,0.18361965038734115,3.706143898718484e-12,0.012824638833920059,2.2118797611183165,2.9333424578226186e-10,7.861452468205243e-05,-2.842170943040401e-14,Non-Harmful,epoch_00958
3.772493428755297e-09,0.4481948334117508,7.564837298246196e-10,0.08987480181756413,2.7113727929517495e-11,0.0032212734102895864,1.25497421482601e-10,0.014909845961893955,7.920904860833633e-11,0.00941050979045174,1.2155532521683796,1.121941828330364e-08,0.0005964357405900955,0.0,Harmful,epoch_00959
3.338208820480304e-09,0.4247082486119617,9.792488625537388e-10,0.12458629514693294,4.408315205928215e-11,0.005608540181647088,1.1219734429718242e-10,0.014274462790651166,1.2225529789910983e-10,0.015554099892047462,1.484431614710867,9.049799132299086e-09,0.0004940275684930384,-9.094947017729282e-13,Harmful,epoch_00960
6.939340595202292e-13,0.002456397438537374,1.6212836411941267e-11,0.05739042389885321,1.5172278017283602e-10,0.5370704081624039,6.154104688956691e-11,0.21784385399522782,7.1044171522267885e-12,0.02514831467862565,2.234458247364665,2.876549276553675e-10,8.334941230714321e-05,7.105427357601002e-15,Non-Harmful,epoch_00961
2.9952387237131006e-09,0.4254197270423565,5.930840610290922e-10,0.0842369115218264,2.0093207479809916e-11,0.00285387831487082,1.1210166388914145e-10,0.015922022800771107,1.1076798592940529e-10,0.01573259786141602,1.4539555736851355,9.496012864929071e-09,0.00047450204147025943,0.0,Harmful,epoch_00962
2.1906465530463493e-09,0.41211701655153665,4.3944329425338324e-10,0.08267059746331047,2.8571221777351496e-11,0.005374982404961822,9.08035348301528e-11,0.01708248271018294,1.4087824136421734e-10,0.026502824222059775,1.5848702633315888,6.2393681332650885e-09,0.00035610352642834187,3.410605131648481e-13,Harmful,epoch_00963
2.0608648121367423e-09,0.4110068906449656,4.372637382385469e-10,0.08720533651059041,3.5611948286107253e-11,0.007102239821207194,9.945061441030134e-11,0.01983385206093627,7.869929274234577e-11,0.015695329172248116,1.6081031986024437,5.845645745239381e-09,0.00034371702349744737,-1.1368683772161603e-13,Harmful,epoch_00964
8.715148286202179e-13,0.0029803931746906443,1.8062003824016737e-11,0.06176816635875538,1.6808696795544975e-10,0.5748212601752234,5.294570793075437e-11,0.18106292786298547,5.163685993549161e-12,0.017658694936705494,2.1625648245915032,2.940123700057029e-10,8.494486246490851e-05,0.0,Non-Harmful,epoch_00965
2.9500391018899563e-09,0.43071276752212634,6.618060283819505e-10,0.09662526366670844,3.027638036112723e-11,0.004420423975919254,9.270520722609588e-11,0.013535182073513221,8.718160655202256e-11,0.012728723158615101,1.422446337693505,8.718074262503706e-09,0.0004633232019841671,9.094947017729282e-13,Harmful,epoch_00966
2.0507253672974457e-09,0.4067537439217968,4.138568732506287e-10,0.08208697045782694,2.2489949139115062e-11,0.004460797705448678,1.0568715694270203e-10,0.02096265421807664,1.067135789456497e-10,0.02116624120207776,1.6438672883205676,5.832094363000806e-09,0.0003440628061071038,4.831690603168681e-13,Harmful,epoch_00967
2.1237611669278067e-09,0.4165897377722325,4.736419503131861e-10,0.09290798746656165,2.5828774882774574e-11,0.005066484274669315,9.483806188287369e-11,0.01860311034303611,7.080049307245373e-11,0.013887982934476966,1.5669039399118736,5.919074563820459e-09,0.00034227463766001165,1.1368683772161603e-13,Harmful,epoch_00968
1.720918962888618e-09,0.3936348015079606,5.25323531203048e-10,0.12016000078555496,3.1939581188189514e-11,0.007305707573909799,8.58956330541949e-11,0.01964735771807344,1.3381402583223512e-10,0.03060798249851243,1.8151597183663761,5.68801983291678e-09,0.00033186288783326745,-9.094947017729282e-13,Harmful,epoch_00969
1.0514915761011823e-12,0.0036211929973378456,1.7087472929666614e-11,0.05884691681938352,1.6207526987166432e-10,0.5581650349279031,5.694052976519537e-11,0.19609538710236063,5.251730962000517e-12,0.01808624226359814,2.196608934927066,3.0011323981504745e-10,7.384154014289379e-05,6.394884621840902e-14,Non-Harmful,epoch_00970
7.078799894345844e-13,0.0023778952261230566,1.7693006565053238e-11,0.05943396687962444,1.627879081533834e-10,0.5468336376871978,5.4169774189264525e-11,0.18196593966118813,7.964333673896734e-12,0.026753618275799914,2.304545154218345,2.9924343558640487e-10,8.499596151523292e-05,1.4210854715202004e-14,Non-Harmful,epoch_00971
2.2937565180569663e-09,0.4215723656126974,5.057472565739296e-10,0.09295191781585084,3.342607440837142e-11,0.006143419822702043,9.63192511860278e-11,0.01770263506910235,1.1447606231007601e-10,0.021039697986326,1.5057102746750628,6.375690198012762e-09,0.0003509296220727265,3.126388037344441e-13,Harmful,epoch_00972
4.053969604456142e-09,0.449771745264088,8.738484276460401e-10,0.0969499948807252,3.748540020054314e-11,0.004158855520670068,9.820434743179618e-11,0.010895380342360844,1.183210474042795e-10,0.013127247903881863,1.2035347803646355,1.1374333475089315e-08,0.0005362347583286464,-1.8189894035458565e-12,Harmful,epoch_00973
5.244952692648464e-13,0.0018637677396331335,1.6351701243033645e-11,0.05810495356345384,1.5398855801596056e-10,0.5471906488404398,5.519498470470466e-11,0.196132621036526,5.042693964219663e-12,0.01791896110813071,2.243331086144066,2.8660904205501936e-10,8.746242383494973e-05,2.842170943040401e-14,Non-Harmful,epoch_00974
2.219024963778793e-09,0.39662693700651713,7.360592135796651e-10,0.1315626980781596,4.443754045291293e-11,0.007942734239423835,1.1937797885636092e-10,0.021337534670721806,7.903117136415228e-11,0.014125975118739425,1.747333906644961,6.749013792273217e-09,0.0003863782330881804,0.0,Harmful,epoch_00975
8.153489819071047e-13,0.0026167557464656386,1.8839603271522676e-11,0.06046323870617963,1.7092931237083775e-10,0.5485752362621702,6.168571404542578e-11,0.19797221838144732,6.163485195311014e-12,0.019780898315910986,2.226667986213754,3.088712619003786e-10,8.642244938528165e-05,3.730349362740526e-14,Non-Harmful,epoch_00976
6.302583780391779e-13,0.0019228925391567395,2.2540861104730636e-11,0.06877124549982667,1.8368005033631007e-10,0.5604003226144654,6.177450971546136e-11,0.1884715030865361,6.710627116924411e-12,0.020473848925804724,2.1593635630135335,3.1398705857554887e-10,8.013006299734116e-05,-2.842170943040401e-14,Non-Harmful,epoch_00977
2.890092165586111e-09,0.41806356801197814,8.791452218992468e-10,0.1271719264334757,3.578206481114066e-11,0.005176020980890617,1.6044589962183053e-10,0.023209150928649027,9.163360521757813e-11,0.0132551731059735,1.5937172196515996,7.90192800081968e-09,0.0004547183052636683,-1.3642420526593924e-12,Harmful,epoch_00978
1.954535866488527e-09,0.39445183693100516,6.719548251155061e-10,0.13560959389179852,3.4961450401382876e-11,0.0070556946889767675,1.1594767247019577e-10,0.023399812291964264,1.2354834690031513e-10,0.02493373143986991,1.7832168718826922,6.084798442884676e-09,0.00036465839366428554,-9.094947017729282e-13,Harmful,epoch_00979
1.0520137278674513e-12,0.0037340789538053477,1.631737789591775e-11,0.057917853891457954,1.5884640824914698e-10,0.5638187166369804,5.475012141516102e-11,0.19433327786422083,3.786001487359261e-12,0.01343825474757035,2.1341843766175836,2.795426112811583e-10,7.839004683773965e-05,-2.1316282072803006e-14,Non-Harmful,epoch_00980
5.083752971542232e-13,0.0015980644817638193,1.983710591624277e-11,0.06235742484575825,1.8388133377067462e-10,0.5780261747634208,5.804931475826905e-11,0.18247650628424603,4.957017869094971e-12,0.015582256329945355,2.0885680504963258,3.07933872845112e-10,8.220253221224993e-05,8.526512829121202e-14,Non-Harmful,epoch_00981
3.606590395256737e-13,0.0011965936073929284,1.967236876870837e-11,0.06526893306728566,1.7883627217996079e-10,0.5933425108156469,4.787069644764802e-11,0.15882527005572353,6.75636781764799e-12,0.022416259274758557,2.0860429039274044,2.958672751240954e-10,8.016838546609506e-05,2.842170943040401e-14,Non-Harmful,epoch_00982
9.116271106057727e-13,0.0032128740156604496,1.6992264691671755e-11,0.05988633407229321,1.5803353764498596e-10,0.5569622061426852,5.437882609482525e-11,0.1916488828925752,6.6345475120688224e-12,0.023382329308993702,2.213081033659111,2.853823288795354e-10,7.572295726276934e-05,-6.394884621840902e-14,Non-Harmful,epoch_00983
6.61310904041118e-13,0.002132969228371367,1.7734086226427193e-11,0.057198905965569556,1.650044267886841e-10,0.5321995490088521,6.194059935099583e-11,0.19978105849338754,6.639411026174158e-12,0.02141452579535649,2.3021602329760276,3.060383058084426e-10,9.170707198791206e-05,0.0,Non-Harmful,epoch_00984
6.884033816080548e-13,0.002269914452435136,1.932571518179632e-11,0.06372385924707856,1.7193853285579763e-10,0.5669434100515202,5.2636529791934283e-11,0.17356163972008332,4.2060657664015275e-12,0.013868917158346193,2.211615279180075,3.032686324289102e-10,8.924012945499271e-05,5.684341886080802e-14,Non-Harmful,epoch_00985
2.080697836248646e-09,0.41453437551265115,4.3721372702809624e-10,0.08710544901892817,2.6429508755143605e-11,0.0052655122315465085,1.1782625656403534e-10,0.023474352129777,1.1541694856787021e-10,0.02299434923449423,1.5506071087974511,5.873308062120941e-09,0.0003311136388219893,9.094947017729282e-13,Harmful,epoch_00986
1.6635947064358447e-09,0.3993887324187495,3.6206880549283227e-10,0.0869239368908329,1.6790867307658885e-11,0.0040310799164447325,1.0542352841397262e-10,0.025309631737513764,8.723459281323453e-11,0.020942909539179336,1.7459754747743519,6.575297639699329e-09,0.00037914959830231965,0.0,Harmful,epoch_00987
1.723571174672145e-09,0.3947747031666395,3.981421112936312e-10,0.09119230822247898,2.0877214020054158e-11,0.004781813532754762,1.107441516962071e-10,0.02536535204101891,1.1235399069442487e-10,0.025734077001151982,1.8027964825434102,6.34513019903693e-09,0.0003925023484043777,1.3642420526593924e-12,Harmful,epoch_00988
5.792646635797982e-13,0.0019590098258547195,1.756202030588766e-11,0.05939283457837678,1.5957880850070438e-10,0.5396781014038209,6.299899772861661e-11,0.21305572966709652,7.2183155177922564e-12,0.02441155470814703,2.2191738295616332,2.9795674261201555e-10,8.135501411743462e-05,0.0,Non-Harmful,epoch_00989
3.6577203488263876e-09,0.4465146580109477,7.383982505299036e-10,0.09013965280780173,2.319059701216819e-11,0.0028309822803376595,9.932209958998794e-11,0.012124703121599347,9.929224369792378e-11,0.01212105847625654,1.2267171816227858,1.1238981301175954e-08,0.0005225668428465724,9.094947017729282e-13,Harmful,epoch_00990
6.724341135994072e-13,0.0022700992020666276,1.744913079044369e-11,0.058907269995734146,1.6481593867467836e-10,0.5564092054617906,5.59998430006009e-11,0.18905227492258597,5.594856555043298e-12,0.01888791651764324,2.2013937842116227,2.995070302880265e-10,7.663890573894605e-05,-5.684341886080802e-14,Non-Harmful,epoch_00991
2.734795057079964e-09,0.39930948273226563,8.811159996069406e-10,0.1286524096638672,2.0141908280146836e-10,0.029409351738312006,1.3825846544024412e-10,0.020187222503337463,9.434818031006653e-11,0.013775848752838238,1.7322136042115681,7.533906831724835e-09,0.0005080755800008774,6.821210263296962e-13,Harmful,epoch_00992
2.8176689870207383e-09,0.41729675177870246,6.565781009160165e-10,0.09723921087373143,3.6534837655199937e-11,0.005410809129995562,1.0162644684119648e-10,0.015050875868312255,8.713499973639349e-11,0.012904692681691313,1.5684687238513828,8.57814619337205e-09,0.0004528766730800271,0.0,Harmful,epoch_00993
1.7442591815353126e-09,0.39439453905482624,6.002161614948598e-10,0.13571490914421191,4.21823114632458e-11,0.00953784475491215,1.0303372304648617e-10,0.02329696076030021,7.942728159210377e-11,0.017959306990330704,1.8227233503737899,5.439043881949601e-09,0.0003521341714076698,0.0,Harmful,epoch_00994
9.348630810451786e-13,0.0029698065256039915,2.0021064992513382e-11,0.0636014948818312,1.766817456227976e-10,0.5612699995801111,6.059497695276583e-11,0.1924938117910882,6.014077799133821e-12,0.019105094484413138,2.1682595675730867,3.165416262440601e-10,8.824115502648056e-05,0.0,Non-Harmful,epoch_00995
8.890796085458952e-13,0.0030162334279716413,1.9488435713289898e-11,0.06611519451384086,1.6786715073546787e-10,0.5694951347886362,5.2074995249111466e-11,0.17666622867295947,6.602534653992603e-12,0.022399327958139356,2.162373814675264,2.939896659448493e-10,8.529772458132356e-05,0.0,Non-Harmful,epoch_00996
3.4167905050425107e-13,0.0010692807730121408,1.8895158116101485e-11,0.059132186321503036,1.8344008256843125e-10,0.5740736899166216,5.672362655539248e-11,0.17751595587054417,6.945695375185773e-12,0.021736476113840907,2.164553202376443,3.202059728479867e-10,8.176399569492787e-05,2.1316282072803006e-14,Non-Harmful,epoch_00997
2.053262670997924e-09,0.40492069020929256,4.708459837299284e-10,0.09285479320652817,3.0594615382795176e-11,0.006033515805100704,1.3510765336371966e-10,0.02664436704827744,9.81790430204521e-11,0.019361734095427623,1.688147746318235,5.86457460372003e-09,0.00035705207847058773,-8.526512829121202e-13,Harmful,epoch_00998
7.148330321768426e-13,0.0022419773422061593,2.015727396196404e-11,0.06322056965630747,1.7832475079915255e-10,0.5592915168298395,5.895571867069876e-11,0.18490665582517163,6.930741083040898e-12,0.02173733413739474,2.209806854743142,3.0913163695522883e-10,8.279905887320638e-05,1.4210854715202004e-14,Non-Harmful,epoch_00999
